mean,std,rms,peak_to_peak,iqr,skewness,kurtosis,source,label
0.04965334743335695,0.8087942318067469,0.8082962475282094,3.6584927558535405,1.0923899778713597,0.3020016731402795,-0.4358405066874331,1_Goede_weg_ah_1,1
0.0064112831699016,0.9449520267350188,0.9426084901582158,4.02334043995711,1.4384053241696937,0.23357872449306108,-0.7861586594805634,1_Goede_weg_ah_1,1
-0.035087636434568664,0.8300460290752796,0.8287114519314224,3.9448348501369517,1.0642129504431133,-0.09817775427620366,-0.2968227925637734,1_Goede_weg_ah_1,1
-0.021811998908652423,0.6729651983127074,0.671634953412754,3.6455495934928415,0.8497880031069327,-0.3236712081156164,0.23902918432221343,1_Goede_weg_ah_1,1
-0.03198288681336527,0.636427580371831,0.6356396540348708,3.2588756113085413,0.8860732692578654,0.15763512963805137,-0.2947067643863521,1_Goede_weg_ah_1,1
0.006160968512721938,0.568512367324493,0.567122771342246,2.6635662416906642,0.8235274089670215,0.2058827226881879,-0.5400283173309512,1_Goede_weg_ah_1,1
-0.0035600021675318417,0.6310990794095769,0.6295294206047006,2.9497149742015845,0.8896792827270956,0.1640834140905904,-0.3958318885707919,1_Goede_weg_ah_1,1
-0.0023394975241133056,0.6248101744293869,0.6232505824696788,2.935591463100786,0.9332032610642309,0.08115739984510054,-0.5364939968930251,1_Goede_weg_ah_1,1
-0.015339688840768608,0.5245715745994092,0.5234833008292114,2.2425480717494652,0.8517479629554378,0.056868436452213074,-0.8461040733479095,1_Goede_weg_ah_1,1
-0.02977023638107446,0.5649772049385137,0.5643487510961813,3.1798020038964037,0.8110597332192873,-0.3663249990802306,0.020466914377967882,1_Goede_weg_ah_1,1
0.02857644234745224,0.6199152913281617,0.6190235105693519,3.628795663432553,0.7827555360869731,-0.13949949115322544,0.27654067481042244,1_Goede_weg_ah_1,1
0.045977580763407674,0.6190131411471563,0.6191730941353643,3.148987155654205,0.7751289874157471,0.19379390000907712,-0.18833439139755992,1_Goede_weg_ah_1,1
0.04581803202414032,0.6911746078523142,0.6909652805356188,2.9483184035573533,1.0001912148978414,-0.22854774058705407,-0.7300502719111619,1_Goede_weg_ah_1,1
-0.02421321661967553,0.8233330152593241,0.8216289598139792,3.7859683518249003,1.2447427930090098,-0.26418104565248124,-0.5333841610047378,1_Goede_weg_ah_1,1
-0.05111491166213925,0.7866352409719294,0.7863292958560675,4.0873090033734645,0.9181499551157006,0.01919427292911412,0.12901290918326058,1_Goede_weg_ah_1,1
0.05226635396170596,0.6842151987549892,0.6845008822293387,3.7410479585371554,0.9174696790914405,-0.07545156195382668,-0.018762948795890466,1_Goede_weg_ah_1,1
0.030324305645104133,0.671303132067919,0.6703090475008036,3.3843615530383504,0.9211737750115419,-0.190828505884822,-0.21218844203448306,1_Goede_weg_ah_1,1
-0.02183917559716394,0.6513809969754577,0.6501174253897531,3.393981382462897,0.8366228366261562,-0.1104775179528648,0.011209140841286658,1_Goede_weg_ah_1,1
-0.018247153425187027,0.5910086631175426,0.5898116159323308,3.3265586493601695,0.5726411787485912,-0.5648886829451498,1.0754163129370742,1_Goede_weg_ah_1,1
-0.030504123540529844,0.45710410084491077,0.4569791458777568,3.3265586493601695,0.4775192493533217,-0.7418775304797969,3.0903790209256963,1_Goede_weg_ah_1,1
-0.0007049176361807685,0.37196098964296265,0.371030591509602,2.029279327784093,0.5329569602599754,-0.19547400282198127,-0.1623751195565286,1_Goede_weg_ah_1,1
-0.006485314778443021,0.5031163021708934,0.5018988371677491,2.6204664913253315,0.6081142007775744,-0.018319465077539423,-0.060612935246337596,1_Goede_weg_ah_1,1
-0.019459061799211336,0.6287280796370932,0.627456100631456,3.1477235430817636,0.8258784162901666,-0.06969165992909687,-0.2830734159546515,1_Goede_weg_ah_1,1
0.009686989467404827,0.6826612600585205,0.6810213666029172,3.5010640115558855,0.8605538112988561,0.05819603769102134,0.017435664661785477,1_Goede_weg_ah_1,1
0.014477102728670843,0.641196479525554,0.639755302621714,3.4715009698753048,0.9041615632565163,0.1640389624699852,-0.07873319337406803,1_Goede_weg_ah_1,1
0.013032681873361249,0.7309758222711839,0.7292625557905194,4.4017188477207965,0.9996357874494077,0.1556959679723414,0.23580780610350027,1_Goede_weg_ah_1,1
0.014288525059126153,0.7394976073240759,0.7377849209832147,4.4017188477207965,0.939315312671718,0.265985247912243,0.2802708708467767,1_Goede_weg_ah_1,1
-0.004248565263445563,0.598819598003147,0.5973357822068632,2.8973607272827264,0.8393880721100004,0.3590204461475458,-0.4199366964281066,1_Goede_weg_ah_1,1
-0.0015357688428149097,0.6692506368798341,0.6675771801635986,4.095797099776554,0.8385973650220833,0.09931060406925633,0.3294006323223071,1_Goede_weg_ah_1,1
-0.04353869151053493,0.6785482418140716,0.6782486236956714,3.305059385732819,0.8974481685650197,-0.5015572731480888,0.09402395435855704,1_Goede_weg_PetrusDondersstraat_Mathijs_08_22_1509-2026-09-15_06-22-43,1
0.01260648141201326,0.6499881367368274,0.6484836762654176,3.647949831513475,0.7862425247821503,-0.6266722066804736,0.8463728823661554,1_Goede_weg_PetrusDondersstraat_Mathijs_08_22_1509-2026-09-15_06-22-43,1
0.06276304938890698,0.5606250425588523,0.5627327398694594,2.8830559008772916,0.8007290639042558,-0.06154261198964203,-0.34549131847170234,1_Goede_weg_PetrusDondersstraat_Mathijs_08_22_1509-2026-09-15_06-22-43,1
-0.015575581960947063,0.7240379202126015,0.7223934898029485,4.2795421654098815,0.9953706010238713,-0.10985172360423842,0.12861527868136768,1_Goede_weg_PetrusDondersstraat_Mathijs_08_22_1509-2026-09-15_06-22-43,1
-0.058364298958932165,1.862608956997548,1.8588630819527896,12.098566022608459,1.627925550092647,-0.4772616196207977,1.7654313642261021,1_Goede_weg_PetrusDondersstraat_Mathijs_08_22_1509-2026-09-15_06-22-43,1
-0.004392138817519182,2.1089845739942654,2.1037100904265387,12.098566022608459,2.8197712669364803,-0.29097331555096756,0.25595423244831705,1_Goede_weg_PetrusDondersstraat_Mathijs_08_22_1509-2026-09-15_06-22-43,1
0.0632749207824986,1.5887883924332864,1.5860740930836503,7.329601509356143,2.582178475216704,0.24569130992067303,-0.753061101750792,1_Goede_weg_PetrusDondersstraat_Mathijs_08_22_1509-2026-09-15_06-22-43,1
0.006699876747353816,1.3821938050760558,1.3787502691078986,6.930359134221034,2.041695679002773,0.2129112094946775,-0.34156974458659883,1_Goede_weg_PetrusDondersstraat_Mathijs_08_22_1509-2026-09-15_06-22-43,1
-0.025513764920084087,1.1595642255225957,1.156943040666504,5.11975845927061,1.5674144253794087,0.064232104874962,-0.47487882355766153,1_Goede_weg_PetrusDondersstraat_Mathijs_08_22_1509-2026-09-15_06-22-43,1
0.0026587135250714855,1.3017441967918408,1.298488480068051,7.091247420127195,1.5949540479726028,-0.3060496147646229,0.28532487528119077,1_Goede_weg_PetrusDondersstraat_Mathijs_08_22_1509-2026-09-15_06-22-43,1
0.031380669208068035,2.298918821462518,2.293379025659777,15.253386756783044,2.516347402294633,-0.7165180698340079,2.5889016555443236,1_Goede_weg_PetrusDondersstraat_Mathijs_08_22_1509-2026-09-15_06-22-43,1
-0.024891121208998543,2.1562814658629157,2.1510280284410164,15.253386756783044,1.9476449971811531,-0.7356789565264162,3.8535052009349036,1_Goede_weg_PetrusDondersstraat_Mathijs_08_22_1509-2026-09-15_06-22-43,1
-0.0771848711774212,0.8238806168408019,0.8254349633924077,4.189147252213036,1.1351505273301112,-0.338804893056734,-0.19935793480709707,1_Goede_weg_PetrusDondersstraat_Mathijs_08_22_1509-2026-09-15_06-22-43,1
-0.025151040673787754,0.864012419719932,0.8622165905212652,4.516589514035648,1.1655954188857423,-0.45484828520831894,0.3589214899437292,1_Goede_weg_PetrusDondersstraat_Mathijs_08_22_1509-2026-09-15_06-22-43,1
0.09596765163479551,0.8727698397072348,0.8758586343111409,4.516589514035648,1.2231026635769489,-0.47802159519133686,0.17043000465076474,1_Goede_weg_PetrusDondersstraat_Mathijs_08_22_1509-2026-09-15_06-22-43,1
0.03658345680919697,0.8264136187529961,0.8251563616831847,3.9374570987144635,1.1176398629236306,-0.36561644005652233,-0.34277902949040184,1_Goede_weg_PetrusDondersstraat_Mathijs_08_22_1509-2026-09-15_06-22-43,1
-0.04606029427757022,0.9262265982398067,0.9250555569474659,4.766580948138795,1.020058498425851,-0.4724710027169826,0.004601750181902897,1_Goede_weg_PetrusDondersstraat_Mathijs_08_22_1509-2026-09-15_06-22-43,1
-0.034947941845279454,0.9004617721806343,0.8988874260896722,4.766580948138795,0.9838787087216659,-0.4500202174293603,0.2239936231286812,1_Goede_weg_PetrusDondersstraat_Mathijs_08_22_1509-2026-09-15_06-22-43,1
-0.014028780971056278,0.7859438605615376,0.78410204686006,4.198670195900074,0.9943089172019576,-0.5799671799916309,0.43331388679120275,1_Goede_weg_PetrusDondersstraat_Mathijs_08_22_1509-2026-09-15_06-22-43,1
0.09167943431348057,0.763259651322933,0.7668491295795783,4.046524323630964,0.9570370224568938,-0.4929984798336462,0.36864303933609444,1_Goede_weg_PetrusDondersstraat_Mathijs_08_22_1509-2026-09-15_06-22-43,1
0.044227983490656354,0.7757858143460071,0.7751067836856058,3.8101438020279748,1.044606718423748,-0.00900861758378209,-0.14652295760065526,1_Goede_weg_PetrusDondersstraat_Mathijs_08_22_1509-2026-09-15_06-22-43,1
-0.06483551082401563,0.8195405736462688,0.8200561941458671,4.013157763068894,1.0892597612527413,-0.03963618492891381,-0.21940221966709483,1_Goede_weg_PetrusDondersstraat_Mathijs_08_22_1509-2026-09-15_06-22-43,1
-0.07780731758804389,0.8423455490765213,0.8438318983061897,4.410642640077047,1.2106853724501194,-0.011170845648185232,-0.28277155594148784,1_Goede_weg_PetrusDondersstraat_Mathijs_08_22_1509-2026-09-15_06-22-43,1
-0.01380865892390406,0.7976483197490571,0.7957715167369201,4.667983127680729,1.0287284872853655,-0.3423087231387865,0.18761790872342843,1_Goede_weg_PetrusDondersstraat_Mathijs_08_22_1509-2026-09-15_06-22-43,1
0.10720588526983012,0.7874467499447668,0.7927579226441519,4.918551717325769,0.9814241699555291,-0.5238452941249416,1.269556348945339,1_Goede_weg_PetrusDondersstraat_Mathijs_08_22_1509-2026-09-15_06-22-43,1
0.038763471714480045,0.7470587127600441,0.7461962499560689,4.918551717325769,0.901633087851555,-0.2780167050928975,1.0386659465325643,1_Goede_weg_PetrusDondersstraat_Mathijs_08_22_1509-2026-09-15_06-22-43,1
-0.08106554686989362,0.7661402000003509,0.7685099706026004,4.028194405740436,1.0268420739958737,-0.5727632653265187,-0.03950564430723569,1_Goede_weg_PetrusDondersstraat_Mathijs_08_22_1509-2026-09-15_06-22-43,1
-0.07137171850443827,0.933227509208142,0.9336235527370736,4.316456544113219,1.2812098344042901,-0.4034291494665067,-0.29545438927477274,1_Goede_weg_PetrusDondersstraat_Mathijs_08_22_1509-2026-09-15_06-22-43,1
-0.01934400686737435,0.9370692241752153,0.9349237550963946,4.615583262525925,1.098292447747348,-0.4901858110564185,0.15945677542527426,1_Goede_weg_PetrusDondersstraat_Mathijs_08_22_1509-2026-09-15_06-22-43,1
-0.011171896125474663,0.45004095448900866,0.44905343521326,1.9958406883617672,0.6531031453614986,-0.6382053951696025,-0.3107418269513573,1_Goede_weg_sintjorislaan_Mathijs_08_25_1509-2026-09-15_06-25-31,1
-0.057377342730241414,0.6166915576343296,0.6178180106875746,3.6044025024197706,0.8240787731462356,-0.2772277480516793,0.6527968706566551,1_Goede_weg_sintjorislaan_Mathijs_08_25_1509-2026-09-15_06-25-31,1
-0.009097836701697868,0.6227529733236887,0.6212607585283559,3.6044025024197706,0.8543265219288043,-0.2657422138805433,0.5661798231644046,1_Goede_weg_sintjorislaan_Mathijs_08_25_1509-2026-09-15_06-25-31,1
0.045222480125517966,0.45951417995169963,0.4605893918421292,2.323380571199389,0.6736118948083047,-0.24799433507888857,-0.46841499864341474,1_Goede_weg_sintjorislaan_Mathijs_08_25_1509-2026-09-15_06-25-31,1
0.04747660767990222,0.7466422921383129,0.746285044151561,4.376681948403672,0.7321372080810309,-0.2782185244554634,0.9784266862123268,1_Goede_weg_sintjorislaan_Mathijs_08_25_1509-2026-09-15_06-25-31,1
-0.05564892778607681,0.806273061839974,0.8061778167137215,4.376681948403672,1.0209724466931809,-0.007676394918324745,0.08688586583182234,1_Goede_weg_sintjorislaan_Mathijs_08_25_1509-2026-09-15_06-25-31,1
-0.024267881413063748,0.8401912501904191,0.8384394195649053,4.2632677995364014,1.086543092659051,-0.27179257322960054,0.33662155127077176,1_Goede_weg_sintjorislaan_Mathijs_08_25_1509-2026-09-15_06-25-31,1
0.004612589082774608,0.8806838240385291,0.8784914649053556,4.2632677995364014,1.1714362014411952,-0.31783209653589045,0.053145077343529135,1_Goede_weg_sintjorislaan_Mathijs_08_25_1509-2026-09-15_06-25-31,1
0.009363889378799903,0.767036735791001,0.7651740388349226,3.9792984842294583,0.9451035215818862,0.2900651023556883,0.222724933805031,1_Goede_weg_sintjorislaan_Mathijs_08_25_1509-2026-09-15_06-25-31,1
0.0633910515299012,0.7159798030475392,0.7169953754343186,3.970594880269415,0.7896031209612353,0.535142156313209,0.7390111151982834,1_Goede_weg_sintjorislaan_Mathijs_08_25_1509-2026-09-15_06-25-31,1
-0.031944769647268854,0.6327368116096849,0.6319608862184249,3.41740482987311,0.8004142986007763,0.11109296664885433,-0.053215238162491296,1_Goede_weg_sintjorislaan_Mathijs_08_25_1509-2026-09-15_06-25-31,1
-0.054752590137156096,0.6525054685869459,0.6531710463040428,3.1911084321632615,1.0045024336414374,0.022277001537115253,-0.6386260363784735,1_Goede_weg_sintjorislaan_Mathijs_08_25_1509-2026-09-15_06-25-31,1
-0.008799892111488674,0.6807512379560605,0.6791042444573507,3.591108154977814,0.8803454201383096,-0.5202412594759088,0.3897117023699548,1_Goede_weg_sintjorislaan_Mathijs_08_25_1509-2026-09-15_06-25-31,1
0.017913404894845497,0.7339863376617076,0.7323681821526674,3.727858770334133,0.7971545003736477,-1.0757698296946954,1.0662469612911352,1_Goede_weg_sintjorislaan_Mathijs_08_25_1509-2026-09-15_06-25-31,1
0.041038179336380674,0.6284528140549914,0.6282215428966237,3.691973566907102,0.7339005722445371,-0.993099590214983,1.6606644543220233,1_Goede_weg_sintjorislaan_Mathijs_08_25_1509-2026-09-15_06-25-31,1
0.005975497188125547,0.8266903382974257,0.8246426725702387,4.540805282002175,1.026319921261526,0.3321068894172879,0.32322092283956483,1_Goede_weg_sintjorislaan_Mathijs_08_25_1509-2026-09-15_06-25-31,1
-0.03619712674092256,0.8596877842682805,0.8582994832646141,4.540805282002175,1.1325441835500714,0.3819715675445921,0.050363468334614137,1_Goede_weg_sintjorislaan_Mathijs_08_25_1509-2026-09-15_06-25-31,1
-0.0455889206482313,0.6024714396300951,0.6026900746469782,2.9858877252438565,0.8309209874692189,0.1140658143962405,-0.30742068730402616,1_Goede_weg_sintjorislaan_Mathijs_08_25_1509-2026-09-15_06-25-31,1
0.07738984685744126,0.5379793467264571,0.5421843385909655,2.668763285107098,0.7422277888667013,0.3014731529111107,-0.2700871461921319,1_Goede_weg_sintjorislaan_Mathijs_08_25_1509-2026-09-15_06-25-31,1
0.006300518934677708,0.46794429366095497,0.4668154873168273,2.7398864001839716,0.6084392162192829,0.15421305878789685,0.4668735546249767,1_Goede_weg_sintjorislaan_Mathijs_08_25_1509-2026-09-15_06-25-31,1
-0.06837830483611616,0.5845905930867904,0.5871226646027203,3.779847139396347,0.5745336732505884,-0.2893740540797349,2.238917398042954,1_Goede_weg_sintjorislaan_Mathijs_08_25_1509-2026-09-15_06-25-31,1
-0.013454422427809929,0.6692642927585315,0.6677246000984502,3.779847139396347,0.7521092303930954,-0.2866130472092796,0.838265612600138,1_Goede_weg_sintjorislaan_Mathijs_08_25_1509-2026-09-15_06-25-31,1
0.02184999369797585,0.6310925804051429,0.6298919574354092,3.1843107222205522,0.8866668162591673,-0.5013488103031448,0.0836173795698798,1_Goede_weg_sintjorislaan_Mathijs_08_25_1509-2026-09-15_06-25-31,1
0.06070364264272479,0.621917318875473,0.6233234938535255,3.071744714117849,0.8104841827441178,-0.7110089757536983,0.27255662378545376,1_Goede_weg_sintjorislaan_Mathijs_08_25_1509-2026-09-15_06-25-31,1
-0.011469208338979268,0.6181717168671519,0.6167310053149044,2.846556493071339,0.9176526899506857,-0.21965491148155233,-0.6750016361101943,1_Goede_weg_sintjorislaan_Mathijs_08_25_1509-2026-09-15_06-25-31,1
-0.06833035687069082,0.6585717446592585,0.6604674078403097,3.590533891947548,0.8346159571715167,0.03736446731769254,0.07788396990505708,1_Goede_weg_sintjorislaan_Mathijs_08_25_1509-2026-09-15_06-25-31,1
-0.02495048041112258,0.721162763720966,0.7197901635834706,3.590533891947548,0.8749753219263037,-0.3667097758926068,-0.012089196999520269,1_Goede_weg_sintjorislaan_Mathijs_08_25_1509-2026-09-15_06-25-31,1
0.06545435959318086,0.6709917961063498,0.6725051030881243,3.698684462995379,0.8232247193633666,-0.8495739041228627,0.7634763517084533,1_Goede_weg_sintjorislaan_Mathijs_08_25_1509-2026-09-15_06-25-31,1
0.057734601472740954,0.6459242103075158,0.6468889234183077,3.7496592692364183,0.7579274972530881,-0.7222280096516797,1.5297949613704,1_Goede_weg_sintjorislaan_Mathijs_08_25_1509-2026-09-15_06-25-31,1
-0.010218260714637682,0.9985040561659209,0.9960570823406305,4.6490699499870765,1.1887315971695758,-0.21671793292213792,-0.2587297114317222,1_Goede_weg_tunnel_uni_1,1
-0.009552358104805432,1.088626657367114,1.0859436940652154,4.751829783184651,1.3712497538458397,-0.1462250704630936,-0.5483186394519572,1_Goede_weg_tunnel_uni_1,1
0.03153227479461615,1.0405839022329157,1.0384580240202652,4.990414538136347,1.499107207406413,-0.22849761539067043,-0.5001098455680313,1_Goede_weg_tunnel_uni_1,1
-0.07055909662776308,1.0826894186074016,1.0822817938945186,4.593119780969513,1.7249406555037627,-0.2338871923700998,-0.7517599532304278,1_Goede_weg_tunnel_uni_1,1
0.02053520519778951,1.10734638007802,1.1047654140572336,4.3769266225424985,1.5511809438656123,-0.16821535778077465,-0.8163529560069223,1_Goede_weg_tunnel_uni_1,1
0.028381940102089658,1.0936806846120102,1.0913121859568358,4.569975624943602,1.6199569400769687,-0.10229478224909669,-0.8060024754109993,1_Goede_weg_tunnel_uni_1,1
-0.0056691420798758154,1.15577887471041,1.1528997451481415,4.897568919516746,1.6967327788506443,-0.23871049144720954,-0.7524067376620258,1_Goede_weg_tunnel_uni_1,1
-0.023082469156262712,1.1281197935917318,1.1255326728853028,5.049587900524941,1.6603654047024905,-0.21763225256332813,-0.6725423195499345,1_Goede_weg_tunnel_uni_1,1
-0.011490500717122902,1.1031499331834211,1.1004485938988262,5.44035692609681,1.717002183489026,-0.13242846926745588,-0.5767846987293104,1_Goede_weg_tunnel_uni_1,1
0.058240296153044845,0.8433245456346096,0.8432272765509107,5.44035692609681,0.8400088366741426,-0.3243816220351878,1.2841115281956652,1_Goede_weg_tunnel_uni_1,1
-0.01839599785715277,0.37805494851711957,0.3775570541189118,2.0292344713869115,0.4867393114964516,-0.2383423252015298,0.07740599706225648,1_Goede_weg_tunnel_uni_1,1
-0.007156972402823533,0.43070269757695334,0.4296842001814111,1.9452023104850722,0.5621450657011433,-0.15497187065655868,-0.5282851604990921,1_Goede_weg_tunnel_uni_1,1
0.03800963280958919,0.4665832660341802,0.4669648558604028,2.4772931302942136,0.5717341051935247,0.23453199224868299,0.330881065954002,1_Goede_weg_tunnel_uni_1,1
-0.01034688475605107,0.6595586826194735,0.6579890770854762,3.127343434988693,0.6509972227443118,-0.2085603887300863,0.4034924949579888,1_Goede_weg_tunnel_uni_1,1
-0.07758139525593372,0.8831993475398753,0.8843979618628961,4.287287266527208,1.2804400904808122,-0.19903258999333473,-0.47381672823714194,1_Goede_weg_tunnel_uni_1,1
0.04541361357430047,0.8746077191377867,0.8735996596619074,4.287287266527208,1.159454540566063,-0.2600107071665908,-0.2656681131343168,1_Goede_weg_tunnel_uni_1,1
0.05698480866092497,0.7938388455200067,0.7938995405662965,3.7305477028697487,1.0684713090583733,0.14605155189923263,-0.29707449766179783,1_Goede_weg_tunnel_uni_1,1
-0.05971393949835907,0.7532644395320907,0.7537479909457075,3.7525111792155066,0.9144978475416994,0.39547120924013424,0.18392442598360903,1_Goede_weg_tunnel_uni_1,1
-0.013274073979997825,0.9075726088782563,0.9053981451406782,4.800649169560655,1.181727190658095,-0.06682584799110118,0.056960940314831454,1_Goede_weg_tunnel_uni_1,1
0.023298738204062946,0.7950771865164177,0.7934291556643036,4.800649169560655,0.7463912509287076,-0.24698820446781422,1.254356994121931,1_Goede_weg_tunnel_uni_1,1
-0.004414624092071463,0.3391921661832107,0.3383719224136849,1.756392074524941,0.4323735328545196,-0.06419386816878711,0.0821491267423462,1_Goede_weg_tunnel_uni_1,1
0.02230702104698521,0.5693582572802893,0.5683709916907904,3.1748522395059293,0.610403992932326,0.19021090426542364,0.704707094400038,1_Goede_weg_tunnel_uni_1,1
-0.0363712816853502,0.8353435037376034,0.8340459492868887,4.063786772643425,1.1302121641941083,0.03970243130564191,-0.3900134410679472,1_Goede_weg_tunnel_uni_1,1
-0.06374661472522535,0.940695311005222,0.9405034612883684,4.834183878370532,1.3774848832382394,0.15803933359511932,-0.3087053767979304,1_Goede_weg_tunnel_uni_1,1
0.048668163598085776,1.0052385149244414,1.0039026544820313,5.046874342459854,1.3223201079003104,0.0573053380451122,-0.16964497983260918,1_Goede_weg_tunnel_uni_1,1
0.00902348963525987,0.9426667752188945,0.9403504502159179,4.970216868312175,1.2598682151141831,0.025827450162656418,-0.13616666062169935,1_Goede_weg_tunnel_uni_1,1
0.002644119566791128,0.8803039984157618,0.8781044615231874,4.850008441123457,1.172845351590036,-0.07941165127671829,-0.021977187352812955,1_Goede_weg_tunnel_uni_1,1
0.051225430299785414,0.897215084018286,0.8964340339168234,4.850008441123457,1.1664698517449203,0.039588424057461304,-0.03993930082258457,1_Goede_weg_tunnel_uni_1,1
-0.016371582744675275,0.7432430948250228,0.7415633993372505,3.957058508851333,0.8496880998653005,0.38385534001087046,0.2596360351968192,1_Goede_weg_tunnel_uni_1,1
-0.011720026613642225,0.5799137084863983,0.57858082302114,2.9359807545375647,0.8065754512280738,0.4135164172424794,-0.03328801858736341,1_Goede_weg_tunnel_uni_2,1
-0.008116400895293086,0.5107866962148913,0.5095727717887467,2.7244749090286513,0.6399849240292115,0.4356319216506893,0.17140815279280863,1_Goede_weg_tunnel_uni_2,1
0.022749115735306625,0.5896433803092417,0.588607204873959,3.4642615551226497,0.6190184144820297,-0.17223882089277456,1.2888103290799844,1_Goede_weg_tunnel_uni_2,1
0.019370298710224634,0.6259888036747224,0.6247222429901172,3.446501090684809,0.769258002428522,-0.28359293991415163,0.4693695709546062,1_Goede_weg_tunnel_uni_2,1
-0.005837771805486915,0.5776787395443895,0.5762623031837495,2.436150141005016,0.8009339798291453,0.161008711282282,-0.6973283873019551,1_Goede_weg_tunnel_uni_2,1
-0.04794103785560859,0.6383288693345373,0.6385332957719997,2.9397741564647415,0.8293851425822691,-0.04990211448170501,-0.5139625527010261,1_Goede_weg_tunnel_uni_2,1
0.0025307682752957208,0.6818158416344309,0.680113874643219,3.016812090748216,0.9770184034392662,-0.11512696641224195,-0.6551578488088334,1_Goede_weg_tunnel_uni_2,1
0.03817108947313776,0.6883437137618962,0.6876808962052878,3.2840033872064582,1.0372480742192716,-0.27371356124152263,-0.4321934121091262,1_Goede_weg_tunnel_uni_2,1
-0.01566561912942017,0.6172802099821995,0.6159343268321698,3.3239512463544116,0.7793223748851693,-0.21346583284067808,0.16226336369203276,1_Goede_weg_tunnel_uni_2,1
0.09522047801100056,0.9157034643148102,0.9183611543494192,5.440210468993536,0.9342445836816144,0.24246359441563625,1.0327490532742063,1_Goede_weg_tunnel_uni_2,1
0.037261684970985164,1.0935246532496063,1.0914236664078827,6.217765732543855,1.1390396952948736,-0.4679802354323958,1.0711086163384698,1_Goede_weg_tunnel_uni_2,1
-0.09626251547746843,0.8517459701945004,0.8550498895619528,4.853961141711025,0.8879875134975646,-1.2750770421460176,2.50596278923435,1_Goede_weg_tunnel_uni_2,1
-0.03215243990415387,0.645411748568493,0.6445985750496807,3.357703892787181,0.8029114522518606,-0.2367949450822722,-0.20889557237924983,1_Goede_weg_tunnel_uni_2,1
-0.023380901673489215,0.5124770515282758,0.5117286695744776,2.7109858395625244,0.6631411427689589,0.08827002069691449,-0.1221053671879031,1_Goede_weg_tunnel_uni_2,1
-0.011667775505180571,0.48877062715332603,0.48768676353091195,2.7629944351894675,0.6708466216407872,-0.15788669783825068,-0.2313670355024997,1_Goede_weg_tunnel_uni_2,1
-0.00855176203230727,0.7003676098537162,0.6986668359249659,4.881304783722377,0.7755659847849233,0.936494179556009,3.8395167457144774,1_Goede_weg_tunnel_uni_2,1
0.010404668989688969,0.8712824226486379,0.8691637658423079,5.399176945593674,0.8987768532453722,0.7059076365406387,1.73290575985886,1_Goede_weg_tunnel_uni_2,1
0.014470007290706249,0.7164981132094721,0.7148510891175608,4.668121107019677,0.7865776174214971,0.40427083184151125,1.8286662647173024,1_Goede_weg_tunnel_uni_2,1
0.009979974706220682,1.3267215477682202,1.3234382172512158,11.794433737213286,0.853707912849304,-0.8154302222223573,8.151121348524802,1_Goede_weg_tunnel_uni_2,1
0.006907202019323844,1.3916122253442025,1.3881460197826962,11.794433737213286,1.0417677904012892,-0.6213774257902352,6.414916047407463,1_Goede_weg_tunnel_uni_2,1
0.011714011860360583,0.6489859238543922,0.6474673997879724,4.289293066881565,0.7709420043019346,0.9334555865790013,2.389149544848774,1_Goede_weg_tunnel_uni_2,1
0.011875062155181686,0.5459526412130759,0.5447155056692303,3.206709570430392,0.7322926471728692,-0.18277693663184139,0.15430086675186372,1_Goede_weg_tunnel_uni_2,1
-0.008999044136327027,0.5511162803287744,0.5498104141125144,2.783600276751466,0.7323397541070289,-0.4820805434195921,-0.12997468025223702,1_Goede_weg_tunnel_uni_2,1
-0.015420481236833084,0.5230469571743626,0.5219655353123309,2.492660868518705,0.7574294030240427,-0.16457985610142017,-0.49980058186776777,1_Goede_weg_tunnel_uni_2,1
-0.031038962910784042,0.5896217478396045,0.5889643059781977,3.1943917209352928,0.7865180731987411,-0.2170031340239958,0.032913951788325235,1_Goede_weg_tunnel_uni_2,1
0.008584783374764933,0.6750771732192457,0.6734420853780009,3.492960070721175,0.8405066971414747,0.03510088110186532,-0.11044419976599595,1_Goede_weg_tunnel_uni_2,1
0.02385619582716731,0.642480636515202,0.6413162866595846,3.0624651081339804,0.940845081131446,0.15661838081494703,-0.44715668627895155,1_Goede_weg_tunnel_uni_2,1
0.03239844877996265,0.64810648868571,0.647295504430925,2.7772926348882696,0.9456374153006241,-0.08211343083119861,-0.7149024567790332,1_Goede_weg_tunnel_uni_2,1
0.021067947644292984,0.7368580079589833,0.735315431425016,3.2495518235104424,1.0598289008796486,-0.2119419504987988,-0.701802862714227,1_Goede_weg_tunnel_uni_2,1
0.06117734976188523,1.819080419649642,1.8155580336113857,7.589193665756981,2.9375899933427987,-0.19337256350979853,-0.7838086486875806,1_goed_fietspad_tot_apeldoornstraat-2026-09-19_06-28-17,1
0.03540707633936219,1.8094321917733291,1.805250202436606,7.847063545349396,2.7530948116233986,-0.22366968546038182,-0.6875266412735317,1_goed_fietspad_tot_apeldoornstraat-2026-09-19_06-28-17,1
-0.060498958855460395,1.602506095282498,1.5996392657449572,6.703858072735567,2.6014591494015367,-0.057770191428717414,-0.8802782039240866,1_goed_fietspad_tot_apeldoornstraat-2026-09-19_06-28-17,1
0.096029820637331,1.45687297802213,1.4563956214477753,6.10692549360476,2.3629575797729703,-0.01034460255909127,-0.937565263629375,1_goed_fietspad_tot_apeldoornstraat-2026-09-19_06-28-17,1
0.010096715880545011,1.5135455470561048,1.5097907027365975,7.884650323400848,2.2165300552068627,-0.11336683333296879,-0.30469813780036814,1_goed_fietspad_tot_apeldoornstraat-2026-09-19_06-28-17,1
-0.12257439632181263,1.6096382561631914,1.6102810691799172,7.884650323400848,2.3677973202196227,-0.022741433933299752,-0.5846274739308797,1_goed_fietspad_tot_apeldoornstraat-2026-09-19_06-28-17,1
-0.059697707183239565,1.5891477887183554,1.5862936541382973,5.996762336563595,2.6877038949987737,0.10170063384868043,-1.0816640279152525,1_goed_fietspad_tot_apeldoornstraat-2026-09-19_06-28-17,1
0.1354064302022555,1.599050380798175,1.6007848734509122,6.691839225689295,2.6137197032930137,0.01599042837712532,-0.9791606092259975,1_goed_fietspad_tot_apeldoornstraat-2026-09-19_06-28-17,1
-0.012798577391354904,1.6533118391628718,1.649223041590124,7.440449663162644,2.584335901848225,-0.16843580685058687,-0.6570801408769196,1_goed_fietspad_tot_apeldoornstraat-2026-09-19_06-28-17,1
-0.086085468582359,1.5457399389769522,1.5442720314292988,6.977567177314359,2.3994507584688067,-0.22351799290823143,-0.5829140172161043,1_goed_fietspad_tot_apeldoornstraat-2026-09-19_06-28-17,1
0.12269200262082372,1.4722018321147523,1.473633153405803,5.896675323250433,2.3806215227830614,-0.020058151178140807,-0.9915203095126692,1_goed_fietspad_tot_apeldoornstraat-2026-09-19_06-28-17,1
0.02416158894972552,1.525852891085234,1.5222252436441779,6.958595128317397,2.3698043346796682,-0.12507341810895312,-0.6359054136725248,1_goed_fietspad_tot_apeldoornstraat-2026-09-19_06-28-17,1
-0.131023336196305,1.5758853287234897,1.5773917113600926,7.110744676468822,2.21026955999446,-0.06696372470136425,-0.35183332491198493,1_goed_fietspad_tot_apeldoornstraat-2026-09-19_06-28-17,1
-0.006316765964169218,1.7971393698253768,1.7926520204813083,8.735583354275624,2.5054863009218056,-0.21486578009411914,-0.15926587551581584,1_goed_fietspad_tot_apeldoornstraat-2026-09-19_06-28-17,1
0.12415780896803025,1.7806134370889208,1.7804905090473393,8.735583354275624,2.908211623110043,-0.2773652185140438,-0.2701774119753373,1_goed_fietspad_tot_apeldoornstraat-2026-09-19_06-28-17,1
-0.058047726338319255,1.6785303567467453,1.6753347057411552,6.651370706520744,2.8613947563685675,-0.07313755833548312,-1.0567224191699907,1_goed_fietspad_tot_apeldoornstraat-2026-09-19_06-28-17,1
-0.006023731315945486,1.706063095731497,1.7018032540581245,6.481343992277601,2.949697368947392,-0.18077802810977345,-1.1202388123448614,1_goed_fietspad_tot_apeldoornstraat-2026-09-19_06-28-17,1
0.09877704862101563,1.66484269265235,1.6636104083155454,7.570011390149459,2.410327574904491,-0.2947741074717341,-0.4884815986087987,1_goed_fietspad_tot_apeldoornstraat-2026-09-19_06-28-17,1
-0.08401645031906636,1.65394401382419,1.6519418605946046,7.570011390149459,2.341197835416822,-0.06270584380198972,-0.4425484007569591,1_goed_fietspad_tot_apeldoornstraat-2026-09-19_06-28-17,1
-0.14324426732004256,1.6934962115436039,1.6953196428815518,8.009572380830544,2.4733434047880944,0.01568383064053761,-0.325856233070275,1_goed_fietspad_tot_apeldoornstraat-2026-09-19_06-28-17,1
0.0625317561427815,1.7017261221797293,1.6986178665198997,8.009572380830544,2.4912866741167994,-0.31006118441643565,-0.22604085865580092,1_goed_fietspad_tot_apeldoornstraat-2026-09-19_06-28-17,1
0.18691163495927676,1.5671929884399665,1.5744044439036198,6.678972817184173,2.4209066975809237,-0.4330306506594119,-0.5768572220077437,1_goed_fietspad_tot_apeldoornstraat-2026-09-19_06-28-17,1
-0.051733425513038236,1.5917330547123378,1.588591323843821,6.655492490008085,2.208192197653145,-0.3700818124596676,-0.5629728296051684,1_goed_fietspad_tot_apeldoornstraat-2026-09-19_06-28-17,1
-0.11777686791910334,1.6429231726973434,1.643037418699224,7.428444914019048,2.1973251439988886,-0.38057156257761854,-0.2584107892335461,1_goed_fietspad_tot_apeldoornstraat-2026-09-19_06-28-17,1
0.053367973549022805,1.5569061813562213,1.553925742710447,7.428444914019048,2.162658340497338,-0.4019438560922141,-0.1698566607243932,1_goed_fietspad_tot_apeldoornstraat-2026-09-19_06-28-17,1
0.06293035673415577,1.5315385876318877,1.5290005307314767,6.975606411851967,2.1808180523891787,-0.2678967225627294,-0.26377519104403646,1_goed_fietspad_tot_apeldoornstraat-2026-09-19_06-28-17,1
-0.033066057600668414,1.5198004476187692,1.5163567514752427,6.975606411851967,2.112882794078952,-0.17066085609786194,-0.3049772269998998,1_goed_fietspad_tot_apeldoornstraat-2026-09-19_06-28-17,1
-0.09457265431920137,1.5895182833129278,1.5883574906380886,7.494244566321084,2.332366077316032,-0.17665370074575293,-0.384644099960767,1_goed_fietspad_tot_apeldoornstraat-2026-09-19_06-28-17,1
-0.015472138947470584,1.6268017465171827,1.6228034045880628,7.494244566321084,2.1814950739783843,-0.321127250215068,-0.3109053428920707,1_goed_fietspad_tot_apeldoornstraat-2026-09-19_06-28-17,1
0.049803133983964167,1.1451116103762227,1.1433304637645052,4.645826602948889,2.0019198865316126,-0.3382492402850993,-0.8416176687960082,1_goed_fietspad_tot_merulastraat-2026-09-19_06-25-30,1
0.0026467219280689046,1.245895222583028,1.2427793996779561,5.478890492745632,2.159845168270291,-0.18792756435370775,-0.8085420037735846,1_goed_fietspad_tot_merulastraat-2026-09-19_06-25-30,1
0.005242384663785424,1.2684460433829552,1.2652818147535227,5.332810834918336,2.123070574965328,-0.08255896074743062,-0.9370536478722085,1_goed_fietspad_tot_merulastraat-2026-09-19_06-25-30,1
-0.07943432642475576,1.2867924590028388,1.2860270100578737,5.442369111358676,2.084309705606597,-0.10783020652829733,-0.9290002170172045,1_goed_fietspad_tot_merulastraat-2026-09-19_06-25-30,1
-0.09898310188115841,1.2921864192449184,1.292746946555518,5.442369111358676,2.1019082465686405,-0.07789557245199756,-0.9577240097905118,1_goed_fietspad_tot_merulastraat-2026-09-19_06-25-30,1
-0.08862613428174608,1.3523348949943126,1.3518580589529023,6.025654195471513,2.279394415324642,-0.22248483695313587,-0.8059982173487552,1_goed_fietspad_tot_merulastraat-2026-09-19_06-25-30,1
0.03569687868585067,1.4483167267833665,1.4451323474073212,6.817726471014135,2.316434400581067,-0.3774334106778005,-0.5126708833312037,1_goed_fietspad_tot_merulastraat-2026-09-19_06-25-30,1
0.13236950571370193,1.517677804097978,1.5196548534155023,6.491414909728701,2.259592512565083,-0.37629881285039257,-0.509831372472215,1_goed_fietspad_tot_merulastraat-2026-09-19_06-25-30,1
0.004292855514656471,1.5526834817233721,1.5488028580335849,6.32101001313262,2.4684279003311613,-0.271849976908182,-0.8735282987595623,1_goed_fietspad_tot_merulastraat-2026-09-19_06-25-30,1
-0.06102813740100855,1.6419145103831738,1.6389412059815995,7.358924829886125,2.732023027961987,-0.18570594371720517,-0.8137378804568014,1_goed_fietspad_tot_merulastraat-2026-09-19_06-25-30,1
0.04928162545394855,1.6350128295777275,1.6316645784985133,7.358924829886125,2.4907931503298704,-0.3837846060796921,-0.6167227073682526,1_goed_fietspad_tot_merulastraat-2026-09-19_06-25-30,1
0.07959397605740287,1.506690966810536,1.5050256749124753,6.34275871539807,2.4297186819324885,-0.4536343414805119,-0.6312495357203649,1_goed_fietspad_tot_merulastraat-2026-09-19_06-25-30,1
-0.09022416675498417,1.6299076482642234,1.6283293117264368,7.0626391624092975,2.6421541943434903,-0.3367270208508135,-0.6410585124295554,1_goed_fietspad_tot_merulastraat-2026-09-19_06-25-30,1
-0.12925345345929876,1.6356866699093393,1.6367039997933848,7.30791983180867,2.6681880795886395,-0.23906291735376978,-0.7213504816132361,1_goed_fietspad_tot_merulastraat-2026-09-19_06-25-30,1
0.08737596999199188,1.5914543151878702,1.5898735054322668,6.328521203151084,2.523918716344971,-0.283672531271289,-0.7638484439393984,1_goed_fietspad_tot_merulastraat-2026-09-19_06-25-30,1
0.10860279402696384,1.5319228611151077,1.531942649388522,6.328521203151084,2.3852311834903035,-0.28556676128490777,-0.7820870840636274,1_goed_fietspad_tot_merulastraat-2026-09-19_06-25-30,1
-0.08438880942427403,1.605496161550065,1.6036992568072976,6.568503323828887,2.609582918696643,-0.4401577552035708,-0.6317553968292264,1_goed_fietspad_tot_merulastraat-2026-09-19_06-25-30,1
-0.017135950796080816,1.6504330882530434,1.6463910145272787,6.55323471300047,2.688414096333246,-0.5337010370489386,-0.6782512064205863,1_goed_fietspad_tot_merulastraat-2026-09-19_06-25-30,1
0.11941255250143513,1.5043561220460402,1.5053342694971843,6.069601469206347,2.458813457769289,-0.5524591418938246,-0.7130075942337042,1_goed_fietspad_tot_merulastraat-2026-09-19_06-25-30,1
-0.004781750940991487,1.4725155117786415,1.4688373932837604,6.0143124839098645,2.4803550198141506,-0.36711950002829885,-0.8110955014582029,1_goed_fietspad_tot_merulastraat-2026-09-19_06-25-30,1
-0.1288414863883804,1.478979879403349,1.4808932118408513,6.1091790917599,2.497359740689463,-0.07850552181248036,-0.9416905564637865,1_goed_fietspad_tot_merulastraat-2026-09-19_06-25-30,1
-0.10126131434900382,1.5137020146808498,1.51330471950837,6.297353513216116,2.481060200635379,-0.21750638904696873,-0.7367735092354568,1_goed_fietspad_tot_merulastraat-2026-09-19_06-25-30,1
0.07585871955863223,1.6174126530393036,1.6151464692385193,7.584318213187236,2.5797532983582574,-0.3888607882300214,-0.35447899225646173,1_goed_fietspad_tot_merulastraat-2026-09-19_06-25-30,1
0.13535719402114854,1.5772176052682254,1.579081653198933,7.584318213187236,2.587944815639159,-0.4929982429930436,-0.34207410342430844,1_goed_fietspad_tot_merulastraat-2026-09-19_06-25-30,1
-0.06965659519562886,1.4227389848447578,1.4208861070319303,5.425776775591268,2.4582305790919303,-0.3639591019116475,-0.972630787838217,1_goed_fietspad_tot_merulastraat-2026-09-19_06-25-30,1
-0.08821721105012686,1.3771996116291365,1.3765818728813588,5.180410523081837,2.3661123202716627,-0.11358144509176503,-1.129448695974239,1_goed_fietspad_tot_merulastraat-2026-09-19_06-25-30,1
0.056409321025944266,1.3284984953226127,1.3263731459557986,5.405635067296377,2.4143841079558768,-0.18602243267525242,-1.1437642200616696,1_goed_fietspad_tot_merulastraat-2026-09-19_06-25-30,1
0.0710423551095129,1.2763601078735547,1.275145742872415,5.205091721496109,2.1901691435218416,-0.32358278002745333,-0.8944058252681222,1_goed_fietspad_tot_merulastraat-2026-09-19_06-25-30,1
0.04588384974655772,1.2909155501238225,1.2885014437055546,5.141889613529406,2.001607710789722,-0.3136651118308905,-0.8177291450012412,1_goed_fietspad_tot_merulastraat-2026-09-19_06-25-30,1
0.021202825292103863,1.2694733965726304,1.2664732333859214,5.779372372445584,2.1503992139003847,-0.3428411199964984,-0.645254534884169,1_goed_fietspad_tot_oude_vensedijk-2026-09-19_06-26-43,1
-0.01143791042847008,1.3078704467466578,1.3046468126435238,6.452874286270525,2.182204641882058,-0.1841288399463165,-0.6080339920169817,1_goed_fietspad_tot_oude_vensedijk-2026-09-19_06-26-43,1
-0.0036467771264584534,1.337606364524537,1.3342631417632265,6.452874286270525,2.1193954052684347,-0.15241392121384528,-0.5387482250739253,1_goed_fietspad_tot_oude_vensedijk-2026-09-19_06-26-43,1
-0.11131409134115262,1.372589874456847,1.3736716403767175,6.058826588190989,2.243457418267802,-0.27619839044823197,-0.6998536849483732,1_goed_fietspad_tot_oude_vensedijk-2026-09-19_06-26-43,1
-0.05040290441024027,1.2829872086501815,1.2807678749270581,5.790881972516223,2.040984644631184,-0.4603495270223005,-0.42853112264624826,1_goed_fietspad_tot_oude_vensedijk-2026-09-19_06-26-43,1
0.054968736108819825,1.2002982937647646,1.19855495326411,5.24225421854206,1.8756493330352322,-0.20513087647248937,-0.8757314707947081,1_goed_fietspad_tot_oude_vensedijk-2026-09-19_06-26-43,1
0.054407584912811995,1.2888054539779703,1.2867301916129856,5.4264946670042224,2.0407487512474467,-0.3420260001193249,-0.7088065499151011,1_goed_fietspad_tot_oude_vensedijk-2026-09-19_06-26-43,1
0.05230028015115152,1.3321407007410808,1.3298350167001818,5.730578551667857,2.0857844707418316,-0.4344073366598069,-0.37740577248644236,1_goed_fietspad_tot_oude_vensedijk-2026-09-19_06-26-43,1
0.018910474775161997,1.2713889837666799,1.2683475093046372,5.730578551667857,2.0382171392396855,-0.37879472397506464,-0.38470608405653817,1_goed_fietspad_tot_oude_vensedijk-2026-09-19_06-26-43,1
-0.048714453209187124,1.2391698015224621,1.2370275607162768,5.971031917209986,1.883026956930457,-0.4993968439493127,-0.12405274031391711,1_goed_fietspad_tot_oude_vensedijk-2026-09-19_06-26-43,1
-0.06862634517189406,1.3317778369734075,1.3302156296142185,6.229888326357742,1.9628035451835477,-0.3511825847152458,-0.31385457997845556,1_goed_fietspad_tot_oude_vensedijk-2026-09-19_06-26-43,1
-0.10123078648067833,1.4132884617005794,1.4133807083470495,7.071944219527198,2.209721334890774,-0.17634580508737355,-0.325907603460728,1_goed_fietspad_tot_oude_vensedijk-2026-09-19_06-26-43,1
-0.010172078417477647,1.502528662104845,1.4988021516276504,7.071944219527198,2.23341602814883,-0.21141737989497694,-0.3890693138953716,1_goed_fietspad_tot_oude_vensedijk-2026-09-19_06-26-43,1
0.13535113837160867,1.4886785390883976,1.4911079452665874,5.933815488787396,2.5684644653071445,-0.2356613955671277,-0.9291919338166501,1_goed_fietspad_tot_oude_vensedijk-2026-09-19_06-26-43,1
0.09307821399105855,1.454301228759989,1.4536439239279733,6.016575225462008,2.5899531482175235,-0.394891790746674,-0.6828246582662003,1_goed_fietspad_tot_oude_vensedijk-2026-09-19_06-26-43,1
-0.09483606325717514,1.5283199612038938,1.5274413157923021,6.883536848169818,2.3409645227569076,-0.3741422384460012,-0.4912913698309245,1_goed_fietspad_tot_oude_vensedijk-2026-09-19_06-26-43,1
-0.05004001369199045,1.6484009208874457,1.6450360090201555,7.121157149176195,2.7975609478388272,-0.2991881671032364,-0.7730320322581283,1_goed_fietspad_tot_oude_vensedijk-2026-09-19_06-26-43,1
0.10656239042167433,1.5403840137909866,1.5402189904184072,6.781545357123019,2.6556349442394853,-0.34448886834836623,-0.7827995712078013,1_goed_fietspad_tot_oude_vensedijk-2026-09-19_06-26-43,1
0.050699717143342725,1.4231500018303858,1.4204927347190808,6.48554331792198,2.115366737122822,-0.358076818368113,-0.39688978119644647,1_goed_fietspad_tot_oude_vensedijk-2026-09-19_06-26-43,1
-0.04665552453168728,1.5034094760016383,1.500371817330021,6.420249820248825,2.407985398216852,-0.22795146709867162,-0.6075664864603572,1_goed_fietspad_tot_oude_vensedijk-2026-09-19_06-26-43,1
-0.12402626224540697,1.5777487004391642,1.5786788845915911,6.688437796937054,2.6285041435935326,-0.1286542105417742,-0.8199288673114906,1_goed_fietspad_tot_oude_vensedijk-2026-09-19_06-26-43,1
-0.04315296125537664,1.5628296008703584,1.5595147827497273,6.688437796937054,2.5611597594319795,-0.22867153180560348,-0.7625492755119749,1_goed_fietspad_tot_oude_vensedijk-2026-09-19_06-26-43,1
0.13717511089439238,1.5989354171941559,1.6008211977185174,7.132861375859974,2.5330470453093836,-0.2802169727407498,-0.6313252360492285,1_goed_fietspad_tot_oude_vensedijk-2026-09-19_06-26-43,1
0.013706985545875688,1.64521829427125,1.6411573358695783,7.132861375859974,2.5730188051440352,-0.3107278488799809,-0.6362823567395544,1_goed_fietspad_tot_oude_vensedijk-2026-09-19_06-26-43,1
-0.06885714470670636,1.7206536197130733,1.7177272603686835,8.727117913693066,2.497148637719647,-0.48817685473116273,-0.24106874076811424,1_goed_fietspad_tot_oude_vensedijk-2026-09-19_06-26-43,1
0.09745259284603876,1.6852272176193077,1.683831294691456,8.727117913693066,2.4246645781650855,-0.7018223599760499,0.15551495322317166,1_goed_fietspad_tot_oude_vensedijk-2026-09-19_06-26-43,1
0.05124665490856931,1.4567554614503486,1.4540123836241592,6.223498334947081,2.346630870006775,-0.41280574211450916,-0.6349762401162371,1_goed_fietspad_tot_oude_vensedijk-2026-09-19_06-26-43,1
-0.09146100139157579,1.449122553271869,1.4483858285362794,5.9473716612051035,2.3782175376228687,-0.049911384144356134,-0.9539925585492064,1_goed_fietspad_tot_oude_vensedijk-2026-09-19_06-26-43,1
-0.13590954722661094,1.5314503223854288,1.5336508059242506,6.7147956284185035,2.5921709036245186,0.039055135606222355,-0.8256201911469279,1_goed_fietspad_tot_oude_vensedijk-2026-09-19_06-26-43,1
0.07223607775500022,2.1242559131977314,2.1201695497674655,11.779518307861103,2.6115155407285178,-0.25182665644487356,0.38088957518476896,2_johannesbuijslaan_tot_van_vollenhovenstraat-2026-09-19_06-31-44,2
-0.09228879473682124,2.22158045007808,2.2179404453957403,11.751194907978046,2.926544706655986,-0.3721781845677917,0.12568757303845457,2_johannesbuijslaan_tot_van_vollenhovenstraat-2026-09-19_06-31-44,2
-0.03703049665241126,2.191013679171099,2.185842971323792,11.751194907978046,2.9006901373650367,-0.30868435430570096,-0.083850728047687,2_johannesbuijslaan_tot_van_vollenhovenstraat-2026-09-19_06-31-44,2
-0.08487210981735274,2.2399802719762034,2.235984645692636,11.98822994106569,3.077488135302466,-0.44886621218333655,0.28427035045666527,2_johannesbuijslaan_tot_van_vollenhovenstraat-2026-09-19_06-31-44,2
-0.13658453769843934,2.603189827943039,2.6002633770145045,15.636122198616304,3.295499286584907,-0.2879029221290496,0.7340513968843121,2_johannesbuijslaan_tot_van_vollenhovenstraat-2026-09-19_06-31-44,2
0.021658130810626883,2.3618861309492756,2.3560735641577275,15.636122198616304,2.920971274463583,-0.16629112927753698,1.0480306081864086,2_johannesbuijslaan_tot_van_vollenhovenstraat-2026-09-19_06-31-44,2
0.03756751917778896,1.6518156442184702,1.6481091488034487,7.101300997015983,2.482030913856496,0.25721730529577286,-0.6790489101737034,2_johannesbuijslaan_tot_van_vollenhovenstraat-2026-09-19_06-31-44,2
0.09316976766134638,1.6662163098697857,1.664654923077385,8.347706672091563,2.1840404840137886,0.09159823809357931,-0.2853178903106235,2_johannesbuijslaan_tot_van_vollenhovenstraat-2026-09-19_06-31-44,2
0.11155550737803015,1.79286657592855,1.7918547199794754,9.49593261811506,2.1017026375721657,-0.2181436452746244,0.18413249323883063,2_johannesbuijslaan_tot_van_vollenhovenstraat-2026-09-19_06-31-44,2
-0.05280845916825111,1.8561221849417429,1.8522290222770696,9.49593261811506,2.39053420881387,-0.10347319981845911,-0.24599840922555227,2_johannesbuijslaan_tot_van_vollenhovenstraat-2026-09-19_06-31-44,2
0.0184497785790122,1.76715608060087,1.7628292045652694,8.057078274160142,2.2668377264129753,-0.4034471369668304,-0.2812212969987504,2_johannesbuijslaan_tot_van_vollenhovenstraat-2026-09-19_06-31-44,2
-0.0059428834168482325,1.6961213521328653,1.6918861725360013,8.044365181345347,2.2817588163815685,-0.4535797712668032,-0.16366280700843117,2_johannesbuijslaan_tot_van_vollenhovenstraat-2026-09-19_06-31-44,2
-0.06865546421306934,1.8242990432003834,1.8210272476800113,8.834638532495955,2.511584290258009,-0.04233956579040582,-0.2597635577056425,2_johannesbuijslaan_tot_van_vollenhovenstraat-2026-09-19_06-31-44,2
0.002108939051389509,1.8083700194675019,1.8038446619086332,8.834638532495955,2.4999822572580177,0.041896498444387614,-0.335211122504377,2_johannesbuijslaan_tot_van_vollenhovenstraat-2026-09-19_06-31-44,2
-0.006512506270368341,1.5270333322899667,1.5232248870974037,6.613819539427151,2.287109277735586,0.18385952110038423,-0.6452789127526417,2_johannesbuijslaan_tot_van_vollenhovenstraat-2026-09-19_06-31-44,2
-0.00047989665517144786,1.335418932297015,1.3320762877607322,7.092121661783646,1.8033823225742724,0.15210834355483996,-0.1864351552411505,2_johannesbuijslaan_tot_van_vollenhovenstraat-2026-09-19_06-31-44,2
0.03651912880916796,1.6140070371663426,1.61038109440323,9.41570625400222,2.01668175338691,-0.12844750838017618,0.5101313414764648,2_johannesbuijslaan_tot_van_vollenhovenstraat-2026-09-19_06-31-44,2
-0.044474181206940855,2.0360677186580527,2.0314580598625773,10.544857112069375,2.408806144153843,-0.2776997439498734,0.43321690619630493,2_johannesbuijslaan_tot_van_vollenhovenstraat-2026-09-19_06-31-44,2
-0.10591883253760567,2.054867116125147,2.052458347858476,10.486258468432034,2.3154038810359423,-0.47334872497032854,0.4963996165853861,2_johannesbuijslaan_tot_van_vollenhovenstraat-2026-09-19_06-31-44,2
-0.03564586550949398,1.9686521317839496,1.9640478323160875,10.433942541438373,2.6406217482130576,-0.21332239268468994,0.06240197670046088,2_johannesbuijslaan_tot_van_vollenhovenstraat-2026-09-19_06-31-44,2
0.09501794471511667,3.658963496717137,3.651041250215456,21.17244235601147,4.355075814025593,-0.7858233495587453,1.5320471078156315,2_johannesbuijslaan_tot_van_vollenhovenstraat-2026-09-19_06-31-44,2
0.07444775554534322,3.7082752156188414,3.699742020425862,21.17244235601147,4.256108535604699,-0.7698526773257587,1.4010030865592933,2_johannesbuijslaan_tot_van_vollenhovenstraat-2026-09-19_06-31-44,2
0.007447008501846586,1.9679733623696196,1.963061389044426,11.420531737976932,2.526717318208914,-0.049614974558709994,0.574101965777579,2_johannesbuijslaan_tot_van_vollenhovenstraat-2026-09-19_06-31-44,2
0.06970908475025521,1.6370680941313351,1.634457506818518,8.031438719320798,2.3793180003572805,0.09293653687061425,-0.4657476982152171,2_johannesbuijslaan_tot_van_vollenhovenstraat-2026-09-19_06-31-44,2
0.01805218090917272,1.64681614498068,1.6427931335161348,8.290068245274771,2.04503950009701,-0.07007126747334938,-0.022684563835861926,2_johannesbuijslaan_tot_van_vollenhovenstraat-2026-09-19_06-31-44,2
0.0029189952271597443,1.4832868486025688,1.479576863969658,7.335739421761254,1.8460220456750656,-0.2503073383969108,0.2483867419366641,2_johannesbuijslaan_tot_van_vollenhovenstraat-2026-09-19_06-31-44,2
-0.06696900262482673,1.676471236959912,1.673615211637577,7.870985870408335,2.1606839009442167,-0.42486519963162384,-0.14115659885601017,2_johannesbuijslaan_tot_van_vollenhovenstraat-2026-09-19_06-31-44,2
-0.10276119523579394,1.8835635707239327,1.8816568575539454,10.131073521969842,2.7005882353075896,-0.10028814235063886,-0.3188997827605875,2_johannesbuijslaan_tot_van_vollenhovenstraat-2026-09-19_06-31-44,2
0.03888408458540077,1.7299788677026513,1.7260865332648605,10.131073521969842,2.3205558928061887,0.25071931177633283,0.18232364191759975,2_johannesbuijslaan_tot_van_vollenhovenstraat-2026-09-19_06-31-44,2
-0.012529827397410733,1.346631726220844,1.3433193654558904,6.417089811051933,1.7728557233028381,-0.179690858058084,-0.29134071303781806,2_lievendaalseweg_tot_deel_loeffstraat-2026-09-19_06-33-01,2
-0.0435330620281311,1.1302987435295089,1.1283095766968436,5.197219600402775,1.6042977613119027,-0.2000122010397174,-0.5393942360584782,2_lievendaalseweg_tot_deel_loeffstraat-2026-09-19_06-33-01,2
-0.0021627854031857495,1.374655042981021,1.371215804458907,7.0517055900791235,1.6013302416310502,-0.1572096449371474,0.13188724934835205,2_lievendaalseweg_tot_deel_loeffstraat-2026-09-19_06-33-01,2
0.019298151887096333,1.664837203744735,1.660782020333789,7.6585337191123495,1.915180105735917,-0.13636092349325557,-0.2895895789267735,2_lievendaalseweg_tot_deel_loeffstraat-2026-09-19_06-33-01,2
-0.039770050475181486,1.8474044612922371,1.8432092622106822,8.033240744403248,2.4059945682884907,0.05240830531514022,-0.5644656124980334,2_lievendaalseweg_tot_deel_loeffstraat-2026-09-19_06-33-01,2
0.04115900821880072,1.9037060420404177,1.8993868155239582,8.381825891076987,2.575546890366496,0.025100719339449205,-0.6510660647393016,2_lievendaalseweg_tot_deel_loeffstraat-2026-09-19_06-33-01,2
0.08458634972916512,1.7819993650216355,1.7795502181206713,8.524505783759771,2.2370612874673066,-0.2053271084037049,-0.3181195632441334,2_lievendaalseweg_tot_deel_loeffstraat-2026-09-19_06-33-01,2
0.044617457891940084,1.766369595298243,1.762512966479069,10.325729777601317,1.9955488343328676,-0.7324291224805746,1.6042530383358056,2_lievendaalseweg_tot_deel_loeffstraat-2026-09-19_06-33-01,2
-0.02296552074704869,2.0301703893532173,2.025218819263919,10.341868459886749,2.6246691080121716,-0.45985955050293514,0.2773495756424076,2_lievendaalseweg_tot_deel_loeffstraat-2026-09-19_06-33-01,2
-0.06331740985034844,1.9272468380407928,1.9234651198435337,9.195392146890828,2.4531941811824387,0.06844577017707862,-0.5026492703395822,2_lievendaalseweg_tot_deel_loeffstraat-2026-09-19_06-33-01,2
-0.11988738355473107,1.643091174071914,1.6433571882025695,8.869642869716857,2.132506712265955,0.22535012131818855,-0.05570412854657114,2_lievendaalseweg_tot_deel_loeffstraat-2026-09-19_06-33-01,2
0.03885986905619921,1.8706272696279678,1.8663494419292095,8.301253146585662,2.7326128352598014,-0.22132282010584717,-0.5326755221936943,2_lievendaalseweg_tot_deel_loeffstraat-2026-09-19_06-33-01,2
0.19051046555375656,2.001642161585146,2.0057000582852833,9.71435741873939,2.870639371809938,-0.09459245296584348,-0.4698356654389255,2_lievendaalseweg_tot_deel_loeffstraat-2026-09-19_06-33-01,2
0.05786947491575854,1.9920281433625224,1.987884332514249,9.71435741873939,2.8344043309722853,0.13625931533809954,-0.5288923448685576,2_lievendaalseweg_tot_deel_loeffstraat-2026-09-19_06-33-01,2
-0.05116055060558304,1.9880072592846505,1.9836908530796558,9.389245927087295,2.7907656667923466,0.0747583660999687,-0.3971254231066119,2_lievendaalseweg_tot_deel_loeffstraat-2026-09-19_06-33-01,2
-0.06811641988570363,1.7208708910151571,1.717914283974503,9.389245927087295,2.184850633995734,0.23285700329330047,0.4245501285999471,2_lievendaalseweg_tot_deel_loeffstraat-2026-09-19_06-33-01,2
-0.015890001481571048,1.5461279939567973,1.5423396859886185,8.946291056367775,1.9758299960762846,0.029591165211528443,0.6394768897431993,2_lievendaalseweg_tot_deel_loeffstraat-2026-09-19_06-33-01,2
-0.06557799909793756,1.7369110086656279,1.733803918189545,8.864417719331989,2.432214609102648,0.005675870968098228,-0.29338764294900566,2_lievendaalseweg_tot_deel_loeffstraat-2026-09-19_06-33-01,2
-0.11100201332983768,1.79243840115918,1.791394063796016,7.6326997733809065,2.6487075607715487,0.11268586421949237,-0.7673475273765624,2_lievendaalseweg_tot_deel_loeffstraat-2026-09-19_06-33-01,2
0.02443497483282695,1.7501584076117724,1.74594852371729,7.77912412570398,2.29992316896548,0.006320989854841529,-0.5728701565672267,2_lievendaalseweg_tot_deel_loeffstraat-2026-09-19_06-33-01,2
0.09740715033145697,1.8374284877776845,1.8354157249501266,10.032761756359372,2.3502394877663155,0.06666592864843852,-0.14110830775255812,2_lievendaalseweg_tot_deel_loeffstraat-2026-09-19_06-33-01,2
-0.023298363555328976,2.100809115740443,2.09568002324272,12.183974441752556,2.4025389189507056,-0.2765254038641844,0.7559888060000013,2_lievendaalseweg_tot_deel_loeffstraat-2026-09-19_06-33-01,2
-0.030837056144959307,2.089296579875881,2.0842949219626608,12.183974441752556,2.569616665445831,-0.48038189965374656,0.5406390998911537,2_lievendaalseweg_tot_deel_loeffstraat-2026-09-19_06-33-01,2
0.0418683520323457,1.6358016820037962,1.632244119620016,8.50541272236062,1.9364548555316565,-0.38484654698879783,0.02892730767987617,2_lievendaalseweg_tot_deel_loeffstraat-2026-09-19_06-33-01,2
0.05948286346815225,1.516194385011059,1.5135684315946007,7.956623613071274,2.020824937066151,-0.2616079238663926,0.00745239113548557,2_lievendaalseweg_tot_deel_loeffstraat-2026-09-19_06-33-01,2
-0.005487192072333747,1.5640819508587185,1.5601764953151431,7.956623613071274,2.2682072555922277,-0.16035259077598266,-0.28876234150942537,2_lievendaalseweg_tot_deel_loeffstraat-2026-09-19_06-33-01,2
0.010762252894938883,1.4590489790110104,1.455436576984611,6.866666599568745,2.1160847660782824,-0.003124210745253346,-0.5072541861494333,2_lievendaalseweg_tot_deel_loeffstraat-2026-09-19_06-33-01,2
0.05620928540452342,1.5378584783975668,1.5350384815525213,8.611923175441905,1.9468207892255531,-0.05881668650384001,0.01654159772084185,2_lievendaalseweg_tot_deel_loeffstraat-2026-09-19_06-33-01,2
0.015286506732999782,1.6383752698335128,1.6343456900136284,10.102663792997099,1.837533439063425,-0.41591570938292066,0.8409181155126126,2_lievendaalseweg_tot_deel_loeffstraat-2026-09-19_06-33-01,2
-0.008162780818042989,2.689283033031318,2.6825638196661896,12.51599184580054,3.7175508912076944,-0.3284010800515188,-0.5425118291719033,2_simon_van_leeuwenstraat_tot_rodenburgweg-2026-09-19_06-34-02,2
-0.09285896163612498,2.004371250433516,2.00150927446583,11.78676639371037,2.308370395351143,-0.3651029695843072,1.0324441904891213,2_simon_van_leeuwenstraat_tot_rodenburgweg-2026-09-19_06-34-02,2
0.03320187338315663,1.5144489311771794,1.5110228825911716,8.445046495437634,2.0786026487416884,0.3020642536242035,0.15661129970119037,2_simon_van_leeuwenstraat_tot_rodenburgweg-2026-09-19_06-34-02,2
0.03842602624644091,1.6532307046240848,1.6495400763216943,8.445046495437634,2.3191932377845905,0.04662520025252183,-0.24361249057634105,2_simon_van_leeuwenstraat_tot_rodenburgweg-2026-09-19_06-34-02,2
0.014741370246616974,1.7490810272183783,1.7447651204598198,8.161360409389934,2.3941521691557477,0.16298900473437938,-0.4000331164710582,2_simon_van_leeuwenstraat_tot_rodenburgweg-2026-09-19_06-34-02,2
0.004269205254145059,1.7458250025160535,1.7414602036298819,8.189229786947866,2.230040312690413,0.16113555916541547,-0.2966497792912328,2_simon_van_leeuwenstraat_tot_rodenburgweg-2026-09-19_06-34-02,2
0.018121037491982933,1.7152030821331374,1.7110056624377386,7.546946358834234,2.4285605044854917,0.014515163115432118,-0.5612740249748631,2_simon_van_leeuwenstraat_tot_rodenburgweg-2026-09-19_06-34-02,2
0.016411019925641514,1.8537511970996612,1.849183834782168,10.770278001922431,2.6291722180628865,-0.22100037056396993,0.21633731697482306,2_simon_van_leeuwenstraat_tot_rodenburgweg-2026-09-19_06-34-02,2
-0.033387327580656725,1.8917415492113856,1.8873016113516696,10.770278001922431,2.298331609883615,-0.26090328665537454,0.508710058358183,2_simon_van_leeuwenstraat_tot_rodenburgweg-2026-09-19_06-34-02,2
-0.017917643680370028,2.3469293291967968,2.3411232201270322,15.523540864253611,2.1901994089587955,0.3207894855963431,1.5647968598212918,2_simon_van_leeuwenstraat_tot_rodenburgweg-2026-09-19_06-34-02,2
-0.049188877330626594,2.611845930502358,2.605772441045336,15.523540864253611,3.0746984789555265,0.18134443176475498,0.697001702666268,2_simon_van_leeuwenstraat_tot_rodenburgweg-2026-09-19_06-34-02,2
-0.07886515190036845,2.3425851188165985,2.3380518013702645,11.468549667234868,3.3020091076117657,-0.10016309577622974,-0.4384383986205682,2_simon_van_leeuwenstraat_tot_rodenburgweg-2026-09-19_06-34-02,2
-0.03773536585042264,2.90778056474926,2.9007474608289714,15.133216142848884,4.008957812008666,-0.4345475093015384,0.20413139432639404,2_simon_van_leeuwenstraat_tot_rodenburgweg-2026-09-19_06-34-02,2
-0.012364091046788452,3.2723940676458847,3.2642262467607193,16.739482170927165,3.8910533234091575,-0.5331945582948453,0.24770858184288835,2_simon_van_leeuwenstraat_tot_rodenburgweg-2026-09-19_06-34-02,2
-0.028261050521166425,2.4480882097972256,2.442123848315233,16.669294167129898,2.852430559590394,-0.5613869581491571,1.9071827195937274,2_simon_van_leeuwenstraat_tot_rodenburgweg-2026-09-19_06-34-02,2
0.028087545768098535,1.7347416226485963,1.7306272750335387,9.444586367389203,2.1296294161724187,0.06744048352756636,0.04341472071445196,2_simon_van_leeuwenstraat_tot_rodenburgweg-2026-09-19_06-34-02,2
0.02665102097476652,1.7548618759709316,1.7506720936933147,9.444586367389203,2.2284603121047173,0.324181784658187,0.2090495150520617,2_simon_van_leeuwenstraat_tot_rodenburgweg-2026-09-19_06-34-02,2
-0.07035741516631508,1.9474688264221356,1.9438677479719306,9.47543747497846,2.7116962283118493,0.19209075787960775,-0.11768328876514023,2_simon_van_leeuwenstraat_tot_rodenburgweg-2026-09-19_06-34-02,2
-0.02012731245006205,2.066017320392333,2.0609440892529745,9.47543747497846,3.2030972824983635,-0.07083790052834422,-0.6218264686935635,2_simon_van_leeuwenstraat_tot_rodenburgweg-2026-09-19_06-34-02,2
-0.053950077826323044,1.9418470541546304,1.9377375319474612,9.736930783023205,2.7965095681235725,-0.016457766439637287,-0.3389575927089665,2_simon_van_leeuwenstraat_tot_rodenburgweg-2026-09-19_06-34-02,2
-0.08424285312815769,2.0169213986695342,2.0136357483597145,11.160711639227623,2.106600657376048,0.38330613675845504,0.836402061146436,2_simon_van_leeuwenstraat_tot_rodenburgweg-2026-09-19_06-34-02,2
0.11148852917405883,1.8396609470312026,1.8384396455062044,11.160711639227623,2.0500154557393375,0.503645266983145,1.10053682212172,2_simon_van_leeuwenstraat_tot_rodenburgweg-2026-09-19_06-34-02,2
0.11743074320222656,1.7186206005785463,1.7183359579367259,8.803041319143105,2.2463469746795135,0.17114945609577936,0.02968363351882397,2_simon_van_leeuwenstraat_tot_rodenburgweg-2026-09-19_06-34-02,2
-0.004578930302354722,1.9832064389992434,1.9782475091333576,10.34253576532457,2.410236895817115,-0.428723911828377,0.20959934089804078,2_simon_van_leeuwenstraat_tot_rodenburgweg-2026-09-19_06-34-02,2
0.08803102266180694,2.063673137436927,2.060388930527137,11.340339160632187,2.1760991323852927,-0.27096335749813527,0.33645774303027176,2_simon_van_leeuwenstraat_tot_rodenburgweg-2026-09-19_06-34-02,2
0.05874547811558936,1.8512335377994174,1.8475338466764306,10.058776725736415,2.2505440205984035,0.31600988340073155,0.13345665849393873,2_simon_van_leeuwenstraat_tot_rodenburgweg-2026-09-19_06-34-02,2
-0.0474916812619572,1.78582559867728,1.7819884015715979,9.312036036885704,2.574631308456557,0.08545044882929628,-0.3699754157090265,2_simon_van_leeuwenstraat_tot_rodenburgweg-2026-09-19_06-34-02,2
-0.0058451440027284815,1.7870097764618718,1.7825462370364675,9.310366137731002,2.4652402653500873,0.026179536440729713,-0.4204614507286153,2_simon_van_leeuwenstraat_tot_rodenburgweg-2026-09-19_06-34-02,2
0.06166459897373182,1.6670296763231207,1.6639998572114871,7.606848566726443,2.080540086285681,0.13744823906019388,-0.33669747930462224,2_simon_van_leeuwenstraat_tot_rodenburgweg-2026-09-19_06-34-02,2
-0.03606400970950423,0.9703193875173528,0.9685621962576373,5.234241567226046,1.1951471382495917,-0.48008338914373505,0.5718713762863805,2_Slechte_weg_Akkerstraat_Mathijs_08_36_1509-2026-09-15_06-36-43,2
0.004997480844213369,0.9162647319812518,0.9139848623429713,5.345395302697272,1.0246507999374699,-0.6946564880362381,1.0467385043846704,2_Slechte_weg_Akkerstraat_Mathijs_08_36_1509-2026-09-15_06-36-43,2
0.033098068697480644,0.9706241000501403,0.9687600683511152,4.980797903820838,1.4692552850515819,-0.1992808040275055,-0.2808581874023681,2_Slechte_weg_Akkerstraat_Mathijs_08_36_1509-2026-09-15_06-36-43,2
-0.0875787619171612,1.4800004659693127,1.4788912779213956,9.06279042306369,1.755935641494591,-1.2371541433851783,2.9522318021100666,2_Slechte_weg_Akkerstraat_Mathijs_08_36_1509-2026-09-15_06-36-43,2
0.0197387563500989,1.8581502042648783,1.8536041080025178,9.482307382292348,2.061325149983086,-1.0244916378596591,0.9553201934081805,2_Slechte_weg_Akkerstraat_Mathijs_08_36_1509-2026-09-15_06-36-43,2
0.11773062085071072,1.7248319981209073,1.724537820321418,8.079758208230785,2.2159207843708075,-0.6605467167276227,-0.034596396827578424,2_Slechte_weg_Akkerstraat_Mathijs_08_36_1509-2026-09-15_06-36-43,2
-0.0856283081953493,1.2978172382841202,1.2973974499866574,6.320504011898372,1.6580671618120286,-0.07898514044074033,-0.19140948569079308,2_Slechte_weg_Akkerstraat_Mathijs_08_36_1509-2026-09-15_06-36-43,2
-0.042901827331514195,1.1228398634015526,1.1208506050485865,5.095678391648578,1.7112576487835627,-0.039935257126906154,-0.6804857675488898,2_Slechte_weg_Akkerstraat_Mathijs_08_36_1509-2026-09-15_06-36-43,2
0.12839026636266515,1.4792540528500837,1.481126480286443,6.377967880695563,2.26917580286849,-0.3036586886805281,-0.657100149688671,2_Slechte_weg_Akkerstraat_Mathijs_08_36_1509-2026-09-15_06-36-43,2
-0.01785174249149205,1.503487990649386,1.4998308044732165,6.649095861713162,2.2322242447991236,-0.23273823449226694,-0.606506944904412,2_Slechte_weg_Akkerstraat_Mathijs_08_36_1509-2026-09-15_06-36-43,2
-0.09230923655610768,1.4150910304385935,1.4145639633679323,7.642510908947388,1.7762607063199347,-0.33323928176956963,0.1004366414145057,2_Slechte_weg_Akkerstraat_Mathijs_08_36_1509-2026-09-15_06-36-43,2
-0.01607932705045929,2.1402912189985197,2.134994335910509,20.840773582403752,1.8201719681378956,-1.7329598660950245,11.840553551279623,2_Slechte_weg_Akkerstraat_Mathijs_08_36_1509-2026-09-15_06-36-43,2
0.10173935935670907,5.237713330821436,5.225593136518339,28.628691940283183,3.964214809440576,-0.935488228466127,1.9650295773486377,2_Slechte_weg_Akkerstraat_Mathijs_08_36_1509-2026-09-15_06-36-43,2
0.023784915871045493,5.008373290270666,4.995893285674358,28.628691940283183,3.686158136731989,-0.8942614666582396,2.397920254395224,2_Slechte_weg_Akkerstraat_Mathijs_08_36_1509-2026-09-15_06-36-43,2
-0.0833038223317537,1.3498198054096375,1.3490155545270082,8.252835309532601,1.4695202764063722,-0.7342838935275383,1.4042424644838984,2_Slechte_weg_Akkerstraat_Mathijs_08_36_1509-2026-09-15_06-36-43,2
0.026386811510083038,1.3120196875707764,1.3090015072917678,8.644917441961699,1.3971906640472382,-0.3790192521831654,2.0544738653983607,2_Slechte_weg_Akkerstraat_Mathijs_08_36_1509-2026-09-15_06-36-43,2
0.004554576214524775,1.2517618933040524,1.2486368737567375,6.538895405978893,1.5611635757716313,0.19116228073620187,0.1036749343186032,2_Slechte_weg_Akkerstraat_Mathijs_08_36_1509-2026-09-15_06-36-43,2
-0.03260575356023777,1.2143402987517096,1.2117394045469347,5.725619860985154,1.5954259358906842,-0.015092910667014157,-0.34866315552022975,2_Slechte_weg_Akkerstraat_Mathijs_08_36_1509-2026-09-15_06-36-43,2
0.051780043648049334,1.058297924993671,1.0569180188055618,5.265242280122995,1.2476265137867055,-0.08687959085807374,-0.10200675560956274,2_Slechte_weg_Akkerstraat_Mathijs_08_36_1509-2026-09-15_06-36-43,2
0.015287662596819941,0.9742666646507021,0.971948182162007,5.024572915374877,1.2351439952545191,-0.6265656579073003,0.6361163590605821,2_Slechte_weg_Akkerstraat_Mathijs_08_36_1509-2026-09-15_06-36-43,2
-0.04053238955551122,1.1327279093514646,1.13061931198954,6.036157918473725,1.3831575107144953,-0.7038230115812539,0.57626371105794,2_Slechte_weg_Akkerstraat_Mathijs_08_36_1509-2026-09-15_06-36-43,2
0.029015175875355008,1.2888929775765383,1.2859940756235866,6.755203517179452,1.6639367162676728,-0.3209160206699729,-0.19351569124304335,2_Slechte_weg_Akkerstraat_Mathijs_08_36_1509-2026-09-15_06-36-43,2
0.04277102128804673,1.5943356650467573,1.5909198729156373,9.561307178563114,2.0611375650130763,0.497716736845726,0.9180360212383865,2_Slechte_weg_Akkerstraat_Mathijs_08_36_1509-2026-09-15_06-36-43,2
-0.14682915117980536,2.3074935703783233,2.30639605100399,16.44392658585371,2.5940888872052694,-0.7649559961257701,3.0836030080012247,2_Slechte_weg_Akkerstraat_Mathijs_08_36_1509-2026-09-15_06-36-43,2
-0.009173615263333695,2.315545909900189,2.309768008213859,15.543657920321579,2.7996155611627342,-0.8979006209332107,3.0763047503834153,2_Slechte_weg_Akkerstraat_Mathijs_08_36_1509-2026-09-15_06-36-43,2
0.10962430801822501,2.5353180022424193,2.5313466128802857,13.98155493325968,2.8692787034644054,-0.26877438013659033,0.32302709005055785,2_Slechte_weg_Akkerstraat_Mathijs_08_36_1509-2026-09-15_06-36-43,2
-0.08070737118315986,3.728234975880256,3.71977835831159,21.222534920162182,4.4306476017041225,0.05639919820397368,0.1928894147989526,2_Slechte_weg_Akkerstraat_Mathijs_08_36_1509-2026-09-15_06-36-43,2
-0.026476325409600484,3.1276878279463847,3.1199711519733238,21.222534920162182,2.36100598050704,0.1704339973909163,2.250823338076323,2_Slechte_weg_Akkerstraat_Mathijs_08_36_1509-2026-09-15_06-36-43,2
0.06914066737091025,1.472679982661532,1.4706198800369201,6.349382517646838,2.0473103462011,-0.18794693055003406,-0.4925006763658377,2_Slechte_weg_Akkerstraat_Mathijs_08_36_1509-2026-09-15_06-36-43,2
-0.024794927184860746,1.0120428732620421,1.0098140481534161,6.055641737894005,1.0282454644628543,0.3817314130747734,1.1920886746729318,2_Slechte_weg_Mathijs_08_30_1509-2026-09-15_06-30-11,2
-0.0030225737709634348,0.8417420786371199,0.8396405268123963,4.224745101223645,1.173107102951744,0.30755252429838215,-0.3461370903979635,2_Slechte_weg_Mathijs_08_30_1509-2026-09-15_06-30-11,2
0.024270862610505185,1.2406924138018092,1.2378247663174666,10.139730274729963,1.3658028780111984,-1.1717747156877567,5.0029886224128255,2_Slechte_weg_Mathijs_08_30_1509-2026-09-15_06-30-11,2
-0.07199104245847884,1.1040105437378516,1.103597659690878,10.139730274729963,0.927388706473866,-1.5608737638626533,8.595140281236779,2_Slechte_weg_Mathijs_08_30_1509-2026-09-15_06-30-11,2
0.03605691625006645,0.7528835687985294,0.7518640841504801,3.5197968698295004,0.9338609399036986,0.01332555304585569,-0.3265585614980817,2_Slechte_weg_Mathijs_08_30_1509-2026-09-15_06-30-11,2
0.025370109623947937,1.1046836299469565,1.1022104767800711,7.102572692430998,1.3173594326467382,-0.09793400728365247,0.8817444809784378,2_Slechte_weg_Mathijs_08_30_1509-2026-09-15_06-30-11,2
-0.061172897006944255,1.101584619398972,1.1005286700745776,7.102572692430998,1.2827860904483912,0.05606265232414658,0.91085090133455,2_Slechte_weg_Mathijs_08_30_1509-2026-09-15_06-30-11,2
0.023911134217687827,0.8759854455174578,0.8741198376619783,4.116494630031806,1.1939366490736307,0.148774655120814,-0.4362155038909945,2_Slechte_weg_Mathijs_08_30_1509-2026-09-15_06-30-11,2
0.03227054146380159,0.7670786875977026,0.7658387899866053,4.116494630031806,1.0693900048552658,0.21479056866748625,0.08966271737794074,2_Slechte_weg_Mathijs_08_30_1509-2026-09-15_06-30-11,2
-0.04147433082779672,0.7433075255694453,0.7426059973484892,3.4332730554040825,1.1091597058425582,-0.0789982837889604,-0.4569915730485836,2_Slechte_weg_Mathijs_08_30_1509-2026-09-15_06-30-11,2
-0.07135582035940233,1.5627364760795985,1.5604570549363084,9.357074481432544,2.013122698440246,0.03254851403817436,0.7761998541857724,2_Slechte_weg_Mathijs_08_30_1509-2026-09-15_06-30-11,2
0.04321458351981921,1.76938974754764,1.7654896993644165,10.116803965123774,1.9147205544724417,-0.07317096079436486,0.3599417953817663,2_Slechte_weg_Mathijs_08_30_1509-2026-09-15_06-30-11,2
0.06904670602678704,1.2617069661619034,1.2604413487871289,8.821233532495409,1.2657585962509532,-0.18528357588913041,1.9474735252210564,2_Slechte_weg_Mathijs_08_30_1509-2026-09-15_06-30-11,2
-0.06411114486603216,1.1534461285556312,1.1523437076318017,5.440284024279528,1.656344838173823,-0.2821291120135141,-0.4754294666084449,2_Slechte_weg_Mathijs_08_30_1509-2026-09-15_06-30-11,2
0.02832926555983735,1.2412390162859586,1.2384560837429566,5.5395991191300755,1.8417011515809438,-0.21863065183521468,-0.5129315042818963,2_Slechte_weg_Mathijs_08_30_1509-2026-09-15_06-30-11,2
0.056624208045738304,1.080598423380688,1.079379816740415,5.530420150925867,1.5272452834113026,-0.10006158000243687,-0.2980992510484004,2_Slechte_weg_Mathijs_08_30_1509-2026-09-15_06-30-11,2
-0.025344140360014533,1.206727917631829,1.2039740991012549,7.521875688841372,1.47810662882847,0.24474454260646994,1.0867587347873684,2_Slechte_weg_Mathijs_08_30_1509-2026-09-15_06-30-11,2
-0.03321895329193553,1.5832147947577926,1.5796011331238249,10.062322837291966,1.967406936444272,-0.26807178664218084,1.0561437863688443,2_Slechte_weg_Mathijs_08_30_1509-2026-09-15_06-30-11,2
0.052390064430592576,1.3422578524946904,1.3399226025117201,9.396497248613354,1.638918154824209,-0.7500528162617532,2.7612292218178256,2_Slechte_weg_Mathijs_08_30_1509-2026-09-15_06-30-11,2
-0.010241453363934321,0.9448518296884647,0.9425423823533438,4.310639001628614,1.3173950680962818,-0.12709266974510552,-0.5721728190379682,2_Slechte_weg_Mathijs_08_30_1509-2026-09-15_06-30-11,2
-0.043218746369377385,1.0552075294528638,1.0534531197925643,4.991690829944348,1.4998334117292944,0.06019988616322499,-0.5373049479725118,2_Slechte_weg_Mathijs_08_30_1509-2026-09-15_06-30-11,2
-0.00280892053596558,0.930812563204524,0.9284868645892932,4.952475478866468,1.3804289964819056,-0.02490050884987872,-0.23433186679848061,2_Slechte_weg_Mathijs_08_30_1509-2026-09-15_06-30-11,2
0.019846456314379184,0.7199284902901958,0.7184006039836698,3.562893255309117,1.0196903319386805,-0.27136438475185415,-0.1727692800426861,2_Slechte_weg_Mathijs_08_30_1509-2026-09-15_06-30-11,2
0.02933844733915695,1.0805628820580437,1.0782573003988658,6.026123000671992,1.3676596048890286,-0.4462662561311016,0.47802554866807645,2_Slechte_weg_Mathijs_08_30_1509-2026-09-15_06-30-11,2
-0.06954796784484751,1.1719031614307795,1.1710367861446311,6.026123000671992,1.7183308776801867,-0.21422400311199977,-0.2630976480057594,2_Slechte_weg_Mathijs_08_30_1509-2026-09-15_06-30-11,2
0.03745728098056908,0.8620009709266265,0.8606587554934371,4.5265766265012335,1.184624930111656,0.06270111685529166,-0.22118640563682845,2_Slechte_weg_Mathijs_08_30_1509-2026-09-15_06-30-11,2
0.09284724471884437,1.0591202239246347,1.0605411738044017,6.3068549891692935,1.27832791583831,0.29316335697931756,0.5650400540999869,2_Slechte_weg_Mathijs_08_30_1509-2026-09-15_06-30-11,2
-0.04192620565752215,1.402166143046281,1.3992845850514448,7.817119988954618,1.6784278009160023,-0.39220397856186967,0.6792105014124834,2_Slechte_weg_Mathijs_08_30_1509-2026-09-15_06-30-11,2
-0.08906729652735823,1.3214803336913137,1.321178150092535,7.886464325729639,1.4278957154465057,-0.8766544074052102,1.9687354949270723,2_Slechte_weg_Mathijs_08_30_1509-2026-09-15_06-30-11,2
-0.08965233048205329,5.707931452700147,5.694349532803624,61.614782829625995,2.3793641224477486,-2.2093974023920437,19.11956618007411,2_Slechte_weg_pathe_1,2
-0.02308551662228995,1.3548698776559784,1.35167561364787,7.9960637570144115,1.6987041421954405,0.05129428211791245,0.3088351371607563,2_Slechte_weg_pathe_1,2
0.1044460981425032,1.7115624437939716,1.710470039617226,8.880741432930927,2.321057366698403,0.03536250573713279,0.03137077220110207,2_Slechte_weg_pathe_1,2
-0.09077548591518024,1.9855152864144008,1.9826244694004638,11.108723924100467,3.0804098666382584,-0.16533240361917323,-0.1830237065313045,2_Slechte_weg_pathe_1,2
0.1307365014456616,2.4073846734790023,2.4049148621274195,12.67529978199003,3.367461276647111,-0.4839010296827649,0.005857693503620531,2_Slechte_weg_pathe_1,2
0.004895432082350979,2.724164066020992,2.717349531172296,13.784719593225216,3.672092582983219,-0.5216630809548316,0.04898883976514412,2_Slechte_weg_pathe_1,2
-0.09275550623335821,2.4426751394952633,2.43832567797234,13.784719593225216,3.3282905388141844,-0.41111092859450626,0.3180864998424817,2_Slechte_weg_pathe_1,2
0.06612838327546372,1.8924087481273122,1.888829737883609,9.466019452074105,2.632132244913623,-0.0113551534061048,-0.41586345125701785,2_Slechte_weg_pathe_1,2
-0.021722839982358445,1.862773114903969,1.8582373209571188,8.995747891366648,2.7933951263903114,0.04764717221728672,-0.5187681041897578,2_Slechte_weg_pathe_1,2
-0.055911994570706704,2.5422770502815357,2.5365296939959365,14.005730774730441,3.4985329205683096,-0.15120664056929695,0.1508693366218683,2_Slechte_weg_pathe_1,2
-0.004927886042558644,2.339688693779097,2.3338373447906773,14.005730774730441,2.625558590126911,-0.26943975812338083,0.9631519171897516,2_Slechte_weg_pathe_1,2
0.11859605763057285,1.9169749822822004,1.9158507619770069,9.361101433435001,2.6002596247381202,-0.3102514637068799,0.11416050552774593,2_Slechte_weg_pathe_1,2
-0.03563595365238584,2.4360818229051717,2.430245274831792,9.624367178767564,3.7417058370845098,-0.4097641457150936,-0.6905192385195145,2_Slechte_weg_pathe_1,2
0.01840524890600552,2.932852994404445,2.925569569595034,11.697028735255472,4.098974251393611,-0.7214543992311366,-0.4958803067534516,2_Slechte_weg_pathe_1,2
-0.04010335721049385,2.745384965898907,2.7388065278855276,11.697028735255472,3.6061895070471937,-0.7076123083550653,-0.16201007861418804,2_Slechte_weg_pathe_1,2
-0.1537249815880693,2.5222185397294226,2.5205971118582795,14.126593829830075,3.729735447398281,-0.39654560713522174,0.10353703344240905,2_Slechte_weg_pathe_1,2
0.10581960397740055,2.8300094911750824,2.8249082710994844,16.268426479239366,3.8351665337117793,-0.11091462282324864,0.3089615825101508,2_Slechte_weg_pathe_1,2
0.029183996692867194,4.168377451871692,4.158045867234865,23.208714497354855,3.845659027362634,-0.3201678229723365,1.1517354739048296,2_Slechte_weg_pathe_1,2
-0.11555933672920936,4.8758937891812675,4.865061407882214,23.208714497354855,5.9032561818448395,-0.2846170983106881,-0.06031997555045088,2_Slechte_weg_pathe_1,2
0.02672071056793701,3.937292882869526,3.927528213220219,20.381593692543852,5.311435353516301,-0.41582611038462836,0.12473816538695015,2_Slechte_weg_pathe_1,2
0.17485804248036718,3.98398458730823,3.977857194642619,21.081369758524453,4.994104349301486,-1.1324187320495895,1.2198599174525437,2_Slechte_weg_pathe_1,2
-0.06591443465063537,4.69818772971658,4.686891060888492,21.122216019862453,6.22773563326356,-0.95211636139276,0.2627762215753968,2_Slechte_weg_pathe_1,2
-0.14002053745637982,4.260479491596387,4.252120979197489,19.854512512767442,6.1973664424265955,-0.7897009074010557,0.19971401274932266,2_Slechte_weg_pathe_1,2
0.08524308555876547,3.1143636755459587,3.1077373089883116,16.28705490620044,4.304782692044115,-0.8205661554289356,0.5124012994071538,2_Slechte_weg_pathe_1,2
0.025860175072725564,3.1493113271731965,3.1415346209995656,14.057394626291273,4.282734762181148,-0.6813512137778007,-0.2064140710309066,2_Slechte_weg_pathe_1,2
-0.07512537887993541,3.441756985732085,3.433963674188078,14.509234596070108,5.419215555531185,-0.3237827333062842,-0.7413946636272799,2_Slechte_weg_pathe_1,2
0.026010491294569543,2.582097927443932,2.57576592570697,11.939749535829518,3.688928033483379,-0.029761357184237225,-0.5661496720425139,2_Slechte_weg_pathe_1,2
0.08836320396903069,1.822751827247867,1.820335177496835,8.743921051954006,2.619631326920805,-0.2773206250316339,-0.4242436523678652,2_Slechte_weg_pathe_1,2
0.1141056407299368,2.2548547808476176,2.2521030903455976,15.208337583912815,3.0017834406007005,0.09629749359941521,0.8751412150548674,2_Slechte_weg_pathe_1,2
-0.08063706460308588,2.2013547162500604,2.1973245345215635,17.872516972778044,2.211655403360041,0.7750773700107502,5.7049115249993925,2_Slechte_weg_pathe_2,2
-0.03389528563003509,1.5601809774333724,1.5566447087634256,9.17582160783497,2.224997375245233,-0.8274090491829289,1.6046768716492519,2_Slechte_weg_pathe_2,2
0.07110040561219691,1.3982343102531378,1.396545437182565,6.9311085477616405,2.078479379605072,-0.2201128126026312,-0.49585314962626725,2_Slechte_weg_pathe_2,2
0.014977047401889827,1.5645958759505605,1.5607513465363956,8.577418170011853,2.030546688872695,-0.16244381943178582,0.1295722435995592,2_Slechte_weg_pathe_2,2
0.029588305074091582,1.4547911144822718,1.4514511940261186,8.577418170011853,2.0619412847369483,-0.12496824633610995,0.3354489387026165,2_Slechte_weg_pathe_2,2
0.04068590883995531,1.2579875072243496,1.2554980082298033,6.3188114673748705,1.855538377354676,-0.07724812017056622,-0.34741565341560676,2_Slechte_weg_pathe_2,2
0.03988984087073652,1.3412793993873073,1.3385165200659142,6.341951787024003,1.893468145866883,-0.07067272247100227,-0.3299369343868799,2_Slechte_weg_pathe_2,2
0.050289658282824945,1.3572993241289069,1.3548354873321655,7.143044931317559,1.804187707500807,0.1861923310545733,0.062079700999543075,2_Slechte_weg_pathe_2,2
-0.010076561942951303,2.273512676662467,2.267844158797249,13.570061932889296,2.276196142407211,-0.7926975845428229,1.8687377351213694,2_Slechte_weg_pathe_2,2
-0.14344360066647419,3.5725587238374015,3.56650193083679,24.17173628661981,3.868104525579419,-1.7670855190401928,5.956452698041357,2_Slechte_weg_pathe_2,2
0.013836662172568452,3.739524034111843,3.7301891714645907,24.17173628661981,4.307618132210191,-1.56306990869111,4.877424052529584,2_Slechte_weg_pathe_2,2
-0.015175064838546,3.1076072667395973,3.0998656571316348,13.906544690034485,4.329409701776715,-0.4410372933542016,-0.4083660635626556,2_Slechte_weg_pathe_2,2
-0.11605131681033672,3.392190368752383,3.3856887967591707,19.152793251331328,4.451310168179538,-0.6354755038080535,0.6954862164135625,2_Slechte_weg_pathe_2,2
0.05465948057718502,2.9765791259520737,2.969631430902716,19.152793251331328,3.3911000905784054,-0.8451932937187984,2.453807615217798,2_Slechte_weg_pathe_2,2
0.04378641056670551,1.690258026708078,1.6865955607723941,8.422211724853257,2.5863311976891223,-0.03190241004360044,-0.4997292788303902,2_Slechte_weg_pathe_2,2
0.14799508434051886,1.755780392675192,1.7576272381694293,8.538625504318482,2.3272470345552794,0.10831331363846664,-0.1803180154933166,2_Slechte_weg_pathe_2,2
0.018625635319461757,1.963601616061186,1.958775016268118,10.424651528120666,2.138190805237617,-0.6551835295920496,0.684557405618957,2_Slechte_weg_pathe_2,2
-0.11670629911040559,1.6424991430220353,1.6425391252283847,8.413898133866319,1.7303168174921666,-1.2061816971591235,1.9958122690471587,2_Slechte_weg_pathe_2,2
0.028455769314494884,1.2079465158198932,1.2052588277889908,6.307635799274856,1.603297326355305,-0.44724796631300406,0.46962045796062357,2_Slechte_weg_pathe_2,2
0.008035889137855079,1.7763196494719542,1.771891507719618,10.813225269738165,2.2015735869947197,-0.41308887854442333,0.609449532791912,2_Slechte_weg_pathe_2,2
0.0012169432434882487,2.6851096664946636,2.6783887567805436,15.279772943057242,3.3718842974711905,-1.1395839946373862,1.5687266013834318,2_Slechte_weg_pathe_2,2
-0.020882916161639127,2.595518154124973,2.5891054463149548,13.589613651898672,2.5239683029156534,-1.428992123577765,2.223920257635993,2_Slechte_weg_pathe_2,2
0.009513162037260487,2.2794696123126896,2.273783697967251,12.852446247808572,2.0113754623700575,-1.59769257267771,3.3044484148277915,2_Slechte_weg_pathe_2,2
-0.04407445975524382,2.1822048686888404,2.1771886818756316,12.852446247808572,2.2173259963059158,-1.3468346440005396,3.4192215403453785,2_Slechte_weg_pathe_2,2
0.010788887180749426,1.6583057069364568,1.654189931252252,8.453030066976547,2.3329003884259762,-0.2502636368709115,-0.3802835937067375,2_Slechte_weg_pathe_2,2
0.022392389119348557,1.622951807913491,1.6190442016962023,7.451858558199179,2.3152997964479356,-0.3299129698339034,-0.40849197120984204,2_Slechte_weg_pathe_2,2
-0.08140809206696016,1.7145489376788463,1.7121936067078294,7.7861578668582325,2.1752446467998725,-0.4523462562597734,-0.08751413923333651,2_Slechte_weg_pathe_2,2
-0.01970493316541016,1.6589678118164255,1.654932510415702,7.7861578668582325,2.1852402520939425,-0.6336015344254033,0.090990659327574,2_Slechte_weg_pathe_2,2
0.03564978070461358,1.353574244616146,1.3506566278569903,6.595118933691186,1.5775589156561476,-0.6432724479681895,0.030455408632601433,2_Slechte_weg_pathe_2,2
