time,seconds_elapsed,z,y,x
1789620372598388500,0.048388427734375,-0.8799275622963905,-0.22248598234951494,0.0991925061632879
1789620372608360400,0.0583603515625,-0.13607085070014,-0.14833178185820578,-0.14401930722026154
1789620372618331400,0.068331298828125,0.4221446313410997,-0.5042816472798586,0.06825309582189656
1789620372628302600,0.078302490234375,-0.1587047073125839,-0.9804197346150875,0.09289041034439578
1789620372638273500,0.0882734375,-1.2791904997438193,-1.4629618437737226,-0.2616365278683603
1789620372648245500,0.09824560546875,-1.0404822813898325,-1.8701976597964762,-0.6024038025315851
1789620372658216400,0.108216552734375,-0.9211556447416543,-1.9143267243802546,-0.16297761712512002
1789620372668187600,0.118187744140625,-1.2085025140583514,-1.3737567891448736,0.01154050792902708
1789620372678158600,0.12815869140625,-0.5917255374550819,-0.612818594366312,0.32805290064923465
1789620372688130600,0.138130615234375,0.48341187773048877,-0.4882780224621296,0.9943524714428931
1789620372698101500,0.1481015625,0.46889352303445336,-1.3218816404789686,2.2133123013034464
1789620372708072400,0.158072509765625,-0.24254677360355853,-2.17711432197988,3.141660487897694
1789620372718043600,0.168043701171875,-0.8647878608316183,-2.1179507698714732,3.3727544318556784
1789620372728015400,0.178015380859375,-1.4049316796094178,-1.2406465418159962,2.5130966273888946
1789620372737986600,0.187986572265625,-1.9752303981542587,-0.15164134479761124,2.547998721683025
1789620372747957200,0.197957275390625,-1.869515522751212,0.932124198001623,2.8785850132673976
1789620372757928200,0.20792822265625,-1.418512461194396,1.6996131295979022,3.4338907453417775
1789620372767900200,0.217900146484375,-1.4887293222367763,0.5381815787941218,3.367802946928143
1789620372777871000,0.22787109375,-0.6069967563450336,0.6175654966324567,3.6629748107820745
1789620372787842300,0.23784228515625,0.6036743339240551,1.6016916845500468,4.227945612302422
1789620372797813200,0.247813232421875,-0.9047627283453941,-1.3327607618898152,2.8453900151520966
1789620372807785200,0.25778515625,-0.9625000470429659,-0.5228957468569279,1.7436967476047573
1789620372817756200,0.267756103515625,-3.6625492788463827,1.6547113270759581,1.2969712172366679
1789620372827727400,0.277727294921875,-5.62614535330832,2.998509615808725,1.5536442774787544
1789620372837698300,0.2876982421875,-3.3977339748114344,0.8177449546277522,1.330069915370643
1789620372847670300,0.297670166015625,-3.7936698136627673,-1.0868073947131633,-0.293959419324249
1789620372857641200,0.30764111328125,-5.168604998937249,-2.3681179553508755,-0.6807157802894711
1789620372867612400,0.3176123046875,-5.684129340243339,-4.964508659759163,-0.11651106777079402
1789620372877583400,0.327583251953125,-4.796466215258836,-6.259275498819351,0.12493227463550866
1789620372887554000,0.337553955078125,-3.144765175914764,-6.523535507059097,-1.419107504478097
1789620372897526300,0.3475263671875,-0.5651818139225244,-6.631163522607087,-4.110869384929537
1789620372907497200,0.357497314453125,-0.034465164181590076,-6.902105200567841,-5.5907659968912595
1789620372917468400,0.367468505859375,0.31712884411811826,-7.44027391988039,-4.988223297345638
1789620372927439000,0.377439208984375,0.3961246394217014,-7.3585308716952795,-4.629309321421385
1789620372937411300,0.387411376953125,0.8722650648444891,-6.894677680915594,-4.642255312234163
1789620372947382300,0.39738232421875,4.437925164300203,-5.022824070605635,-3.499286469838023
1789620372957353500,0.407353515625,5.622480985581874,-3.4482588779121635,-1.8200934663258492
1789620372967324200,0.41732421875,5.483823625519872,-2.101753668308258,0.49068099195063114
1789620372977296400,0.42729638671875,6.351842723357677,-0.585710807210207,2.7953537723511457
1789620372987267300,0.437267333984375,5.485258626759052,0.07825462154746055,4.407007463467121
1789620372997238300,0.44723828125,4.173066021123528,0.23775924706608056,4.822184301622212
1789620373007209200,0.457209228515625,4.2592064274847505,0.690682755291462,4.296793815340101
1789620373017181200,0.46718115234375,4.435638514667749,1.0183484832540153,3.6810210473433136
1789620373027152400,0.47715234375,4.212103315526247,0.8932149138927459,3.3501842881292103
1789620373037123300,0.487123291015625,3.5585417918831106,0.9140396752566099,3.5010935192599892
1789620373047094300,0.49709423828125,2.844046783849597,1.495456584665179,4.210774405010044
1789620373057066200,0.507066162109375,2.346041148099303,2.1998893406286832,4.944800335204601
1789620373067037400,0.517037353515625,2.45688403404057,2.4164412567541,5.397255933657288
1789620373077008100,0.527008056640625,1.8100363288223742,2.4408327706888318,5.35012534916997
1789620373086979000,0.53697900390625,-0.19820845018327235,2.7998920003026724,5.134974532014131
1789620373096951300,0.546951416015625,-2.5846511667758225,2.841651997667551,4.398836431971192
1789620373106922200,0.556922119140625,-4.212716478988528,2.805428007119894,3.0809742562666536
1789620373116893200,0.56689306640625,-5.122808293402195,2.920979216882586,2.6550699801310897
1789620373126864100,0.576864013671875,-5.275772411236167,3.065331281454861,3.540448793570697
1789620373136836400,0.58683642578125,-4.547317266911268,2.9205650831237433,4.76424970678687
1789620373146807300,0.596807373046875,-3.1302842306196688,1.9488643692761658,5.2165895699054
1789620373156778200,0.6067783203125,-2.29707165774703,0.8562003574892878,4.821887072241306
1789620373166749200,0.616749267578125,-1.7306337062835693,1.1674819368839264,4.619031673035026
1789620373176720100,0.62672021484375,-1.219756898522377,1.0311465900287031,3.45212607473433
1789620373186692400,0.6366923828125,-0.6570189706206321,1.0881856973290442,2.77451381341815
1789620373196663000,0.6466630859375,0.04490530965328216,1.1580313869714736,2.9363989043325183
1789620373206634200,0.65663427734375,0.537601148557663,0.7408554839536547,2.992522942614555
1789620373216605200,0.666605224609375,0.613310761797428,0.373266034142673,2.838683210989833
1789620373226577400,0.676577392578125,0.37365211085081096,0.061599547083675855,2.14876676389575
1789620373236548000,0.686548095703125,-0.07878302933573722,-0.0724316144824028,0.8268383616656064
1789620373246519300,0.696519287109375,-0.7729039423823356,-0.32558307646960016,-0.5030395382642746
1789620373256490200,0.706490234375,-1.1057318754136563,-0.7040744440451264,-1.4408634092122317
1789620373266462200,0.716462158203125,-0.8343471298605203,-0.9069237057715653,-2.0985294455647465
1789620373276433200,0.72643310546875,0.07301321376264094,-1.301749829815328,-2.2948943137079474
1789620373286404000,0.736404052734375,1.3768950871706007,-1.4922586654067038,-1.979103440195322
1789620373296375300,0.746375244140625,2.143855610978603,-1.753678189523518,-1.5470967555314301
1789620373306347000,0.756346923828125,2.1152052705556152,-2.2467758872270585,-1.91828919827044
1789620373316318200,0.766318115234375,0.7611299179583787,-2.896600270168483,-3.0670173348456617
1789620373326289200,0.7762890625,-1.0918822137594222,-3.0676378048315645,-3.898535378760099
1789620373336260400,0.78626025390625,-2.0492577573955058,-2.664365631742775,-3.8768355881273746
1789620373346232000,0.796232177734375,-1.5889704424038529,-2.428023850259185,-3.416358595782518
1789620373356203300,0.806203369140625,-0.03139291712939739,-2.4996441483587026,-3.0863866367042063
1789620373366174200,0.81617431640625,1.436802735644579,-2.839488389892876,-2.9691257004141804
1789620373376145400,0.8261455078125,2.168900620386004,-3.520957326637208,-3.524883267909288
1789620373386117000,0.8361171875,2.208497302237153,-4.491211348807812,-4.632466324147582
1789620373396088300,0.84608837890625,2.0485149762041868,-5.380954202675819,-5.8646887364894145
1789620373406059300,0.856059326171875,2.1701287008762358,-6.007663375228643,-6.77452277674973
1789620373416030200,0.8660302734375,2.628142517977953,-6.02078004643321,-6.954885189118981
1789620373426002200,0.876002197265625,3.089501553854346,-5.62002774721086,-6.551240091064572
1789620373435973000,0.88597314453125,3.1423423326820132,-5.528514415639639,-6.05658785739541
1789620373445944300,0.8959443359375,3.7783541711091995,-6.443050934502482,-5.498947544893622
1789620373455915300,0.905915283203125,4.644920732051133,-7.2758321302205315,-5.436576721176505
1789620373465887200,0.91588720703125,5.238581036961079,-7.879788788217306,-4.535065688103437
1789620373475858200,0.925858154296875,5.000739080047607,-8.113079073175788,-3.226182645407319
1789620373485829400,0.935829345703125,5.582834034848213,-7.559100790312886,-4.655443295109272
1789620373495800300,0.94580029296875,5.24204725176692,-7.57250212367773,-2.56387959690392
1789620373505772300,0.955772216796875,4.980035314714908,-8.423015375441313,-1.071235147050023
1789620373515743200,0.9657431640625,5.581586665135622,-7.5379042730271815,0.6402420233428477
1789620373525714200,0.975714111328125,5.67694673526287,-6.662666914373636,2.79721079839468
1789620373535685400,0.985685302734375,5.462646981978416,-5.6729287317931645,3.918587986707687
1789620373545657000,0.995656982421875,5.581569129478931,-4.768816284050047,4.382626470926404
1789620373555628300,1.005628173828125,5.744769979166985,-4.232780485112965,5.661573809564113
1789620373565599200,1.01559912109375,5.719214682149887,-4.0150212390244,7.464203077000379
1789620373575570400,1.0255703125,5.583991972711682,-3.6149697815477846,9.714155840697885
1789620373585542100,1.035542236328125,5.184072617182135,-2.140922480136156,12.40533144569397
1789620373595513300,1.045513427734375,4.071259259074926,-0.7017348951816559,15.037279201173781
1789620373605484300,1.055484375,2.424511458224058,0.9773889886170625,16.603334924197195
1789620373615455200,1.065455322265625,0.2133895796369761,2.771594711101055,16.539551895594595
1789620373625427200,1.07542724609375,-1.2223726339787244,3.722020289468765,15.875716230696439
1789620373635398100,1.085398193359375,-7.198498715171217,4.59061806397736,15.812666192543505
1789620373645369300,1.095369384765625,-14.08558988648057,6.692112789088487,15.813912393212318
1789620373655340300,1.10534033203125,-13.408390882140397,7.944712219026684,16.950844878053665
1789620373665312300,1.115312255859375,-9.964281525123118,8.316269403424858,17.314968113058804
1789620373675283200,1.125283203125,-7.362942258396744,7.736457006603479,14.89772343096733
1789620373685254400,1.13525439453125,-2.7548358840018508,6.305514102903008,12.016397594559193
1789620373695225300,1.145225341796875,-0.6409072092533111,5.628972685688733,9.414909859272838
1789620373705197300,1.155197265625,0.0352045113068074,5.878414479503035,6.651172875934839
1789620373715168300,1.165168212890625,-2.176141677555442,5.802158922818303,7.2120906026721
1789620373725139200,1.17513916015625,-3.5929052492558955,5.837984269437194,7.239806292593479
1789620373735110400,1.1851103515625,-5.247798362639546,5.768481109622121,3.5735517294883725
1789620373745082000,1.19508203125,-5.005804546743631,4.669337964949012,1.2979963225007056
1789620373755053600,1.205053466796875,-2.5380723709523676,2.881689409023523,1.1232833141952752
1789620373765024800,1.215024658203125,-0.6175748489826918,2.205156467376649,0.3661135320395231
1789620373774995500,1.224995361328125,0.6468313386052846,2.6423130821496246,1.138520630815625
1789620373784967700,1.2349677734375,-0.2158048971503973,3.0851386824697253,2.0399907473564145
1789620373794938600,1.244938720703125,-0.33703298350572586,3.6621915514498946,1.134413780018687
1789620373804909800,1.254909912109375,-0.11887538574934005,3.5905744682207703,-0.0833282715499401
1789620373814880500,1.264880615234375,-0.9378688791334628,3.6969165356114506,-1.0045569815278053
1789620373824852700,1.274852783203125,-0.019602599157765507,3.450089308209717,-1.1926175471842289
1789620373834823700,1.28482373046875,0.5573322694659233,2.0673343890950084,-3.821473766389489
1789620373844794600,1.294794677734375,0.2665244460403919,0.6936874900653958,-7.323922499650716
1789620373854765600,1.304765625,1.5560216741345823,1.2917010217487812,-6.941974854141473
1789620373864737500,1.314737548828125,1.4181997419834136,0.5355538606390357,-7.667099977260827
1789620373874708700,1.324708740234375,1.6734123742841183,2.847681048698723,-5.731655061528087
1789620373884679700,1.3346796875,1.7478488988481462,4.573587434199452,-2.888748095363378
1789620373894650600,1.344650634765625,0.809672853461653,4.40490260014236,-2.4505016395270824
1789620373904622600,1.35462255859375,0.7021933064736425,-0.25515140363276,-6.313905499151349
1789620373914593800,1.36459375,2.6567875977039335,-0.08550488493666052,-8.164132384064793
1789620373924564500,1.374564453125,4.015809174531698,-2.4087480719029903,-8.176062475833296
1789620373934535700,1.38453564453125,2.6073274012252687,-0.6871592573404312,-6.54337242642939
1789620373944507600,1.394507568359375,2.539835288971662,-2.4491538781799376,-4.21579106412828
1789620373954478800,1.404478759765625,1.5752295018211007,-4.659414536827803,-4.90464952660203
1789620373964449500,1.414449462890625,0.3678020696483552,-4.778796703055501,-7.42869103411436
1789620373974421800,1.424421875,-2.350825898157805,-3.817240074342489,-6.337489203834533
1789620373984392700,1.434392822265625,-1.8555903116427361,1.5388596730619668,-6.061792440301179
1789620373994363600,1.44436376953125,-0.39885421051606534,-2.3199998211309314,-0.9420195690721272
1789620374004334600,1.45433447265625,2.5737764292791483,-4.31078376224786,-2.050009452545643
1789620374014306600,1.464306640625,3.3237492856681343,-4.6015807720184325,-3.4120231969267127
1789620374024277800,1.47427783203125,1.5421606143034994,-5.977658113065361,0.1635275974243879
1789620374034248700,1.484248779296875,0.21559622283577917,-5.033661106440425,3.5830087091416116
1789620374044219600,1.4942197265625,0.5580513775207102,-2.875730500619113,5.270260954338312
1789620374054191600,1.504191650390625,0.8505342945516109,-3.727843004272878,4.554404594823718
1789620374064162800,1.514162841796875,0.4136775395080447,-3.714664958269894,4.382016230073571
1789620374074133800,1.5241337890625,0.9988695835411548,-4.890163028348982,2.7482307866483926
1789620374084104400,1.5341044921875,1.1482194564007222,-5.065929637360573,1.5746826815932988
1789620374094076700,1.54407666015625,1.4549205761373043,-4.067930406913161,-0.9919850847244263
1789620374104047600,1.554047607421875,-1.6710335163235663,2.1032693335682153,3.364866893476248
1789620374114018600,1.5640185546875,0.19958620480988173,6.916701881197095,12.481730794763564
1789620374124613600,1.574613525390625,7.263069094759225,2.7545284254878757,7.897794985029101
1789620374134584600,1.58458447265625,4.241374418196082,-2.190012966519594,8.928571864962578
1789620374144555500,1.594555419921875,4.038025682514906,-1.1408102030575276,7.440141233411431
1789620374154526700,1.604526611328125,-0.8256086006749421,3.412748004069924,7.912628981545567
1789620374164498700,1.614498779296875,-2.3564644885666666,0.7996125010877847,8.570694830870627
1789620374174469600,1.6244697265625,-1.932662591537833,-2.9778777466684576,5.003249017041921
1789620374184440600,1.634440673828125,-1.6381272720217703,-6.097624216660857,-1.4216542663514613
1789620374194411500,1.64441162109375,-0.9731628953546285,-4.554534358683228,-0.8747989672362804
1789620374204383500,1.654383544921875,-0.37480654158294197,-5.782336616495251,-0.4667191016048193
1789620374214354400,1.6643544921875,0.2749777285438031,-3.278115077218413,0.6726712977826594
1789620374224325600,1.67432568359375,2.528190443885326,-2.1986811338827015,1.1287713902175427
1789620374234297600,1.684297607421875,3.55688350328207,0.2595122291907668,1.6742928103804586
1789620374244268500,1.6942685546875,3.108580932855606,1.421921392855048,3.5933512394577263
1789620374254239500,1.704239501953125,2.0400211424946786,-0.40543958025574683,1.859008157262206
1789620374264210700,1.714210693359375,0.750725939778611,-1.4115768167123197,-1.1018997499048708
1789620374274182700,1.7241826171875,-1.651906791049242,4.518783538605272,-3.6768583747059105
1789620374284153600,1.734153564453125,-1.1097481253176926,3.0051208506420255,-0.9380769689261913
1789620374294124500,1.74412451171875,-0.6175257491439581,4.322611562685668,3.5158097346156834
1789620374304095500,1.754095458984375,0.0829143935194239,4.04141240234375,1.1199626453399658
1789620374314067700,1.764067626953125,0.7305640993028879,3.4187694563165305,-2.426341011738777
1789620374324038400,1.774038330078125,0.02793838362819515,5.271560931020975,-2.508802437326312
1789620374334009600,1.784009521484375,-0.7467302212059498,4.603648225942254,-2.0341998889952895
1789620374343980500,1.79398046875,-0.3202560362279415,1.0093006689235569,-2.726236396983266
1789620374353952800,1.803952880859375,0.9014999271571635,-1.1941270749643444,-1.8940584278553723
1789620374363923500,1.81392333984375,1.6742168225347995,-1.9939085028782486,0.8031693167865276
1789620374373894700,1.823894775390625,1.3447311856687068,-1.4913751605704426,2.428282793456316
1789620374383866600,1.83386669921875,0.8218122040666639,-1.1729147755876184,2.6584359494328496
1789620374393837600,1.843837646484375,0.39219577554017304,-1.241916707882285,2.132572584941983
1789620374403808500,1.85380859375,0.5963245556831359,-1.4323118539661168,1.2384750429958105
1789620374413779700,1.86377978515625,0.8613200385905802,-1.4817214893013237,1.3721984537869691
1789620374423751700,1.873751708984375,-0.26887656212449074,-1.2111541976109146,2.4334680871397256
1789620374433722600,1.88372265625,-0.9011457068920135,-1.5915037602737545,2.573920513924956
1789620374443693600,1.893693603515625,-0.4276807842887938,-0.7987588068678975,0.9218728531002998
1789620374453664500,1.90366455078125,-0.32667773983851073,5.375249853554368,-0.8644400703072548
1789620374463636700,1.91363671875,3.9518811845004556,4.093263585612178,-1.494611950534582
1789620374473607400,1.923607421875,2.4946798039495945,0.8094567264929413,-0.7516098099410533
1789620374483578600,1.93357861328125,-0.4032501073874533,3.1036732870697974,0.7661205658525228
1789620374493550600,1.943550537109375,-0.45782092487812037,2.464249302111566,1.828185148975253
1789620374503521800,1.953521728515625,0.1857080111809075,0.02554360657930374,2.7646079209536314
1789620374513492500,1.963492431640625,0.8213454633377492,-1.6203958004981278,2.642006208157539
1789620374523463700,1.973463623046875,1.1923451599836348,-1.7969561902359128,1.2088286772727965
1789620374533435600,1.983435546875,1.1464730511248111,-1.8136190096147358,-0.26051731458008287
1789620374543406800,1.99340673828125,0.9862181917607784,-1.2400560285769402,-1.0299760849446058
1789620374553377500,2.00337744140625,1.0839689564168453,-0.974318202869594,-1.1056997267097235
1789620374563348500,2.013348388671875,1.2899180838547646,0.15671236445158718,-0.5559738405942917
1789620374573320700,2.02332080078125,0.8231345387116074,2.0862641304925083,-0.9394254609256982
1789620374583291600,2.033291748046875,0.6948389981880784,4.103406209442019,-3.996583080536127
1789620374593262600,2.0432626953125,1.9585832147359847,5.420282004457712,-6.810663180667161
1789620374603234600,2.053234619140625,2.4208558583259583,5.536600691461563,-7.932960990956425
1789620374613205800,2.063205810546875,2.184892700896412,4.838397477537393,-6.534778201085329
1789620374623176400,2.073176513671875,2.4185138252444562,4.3482367100685835,-6.124092536869645
1789620374633147600,2.083147705078125,2.2449111162684856,3.2089202527001497,-5.913876253506541
1789620374643119600,2.09311962890625,1.7175697881795464,3.30254312377125,-5.314000142821669
1789620374653090800,2.1030908203125,1.244845893201977,1.6516899334281683,-3.128344202467799
1789620374663061500,2.1130615234375,-0.6836649124186486,0.08535510120242834,-1.0347861155748366
1789620374673033700,2.12303369140625,-0.8880022938109934,0.9160346484661102,-1.2745552411586045
1789620374683004700,2.133004638671875,-0.7381377494275569,2.171431892429292,-1.9868132839202879
1789620374692975600,2.1429755859375,1.0302397773820906,0.5960127132549882,-1.6716852582305668
1789620374702946600,2.152946533203125,1.3756293050184845,-4.434581406830251,-2.0251941602408885
1789620374712918500,2.16291845703125,2.064744080340862,-5.733484615042805,-3.6921138115048406
1789620374722889700,2.1728896484375,0.962244684042409,-6.252178234034776,-1.341010119318962
1789620374732860700,2.182860595703125,-1.7608593331992626,-6.706810592004657,1.402840844810009
1789620374742831600,2.19283154296875,-3.3267221639990803,5.058913036596775,-10.18563528857231
1789620374752803300,2.20280322265625,-0.51117959010005,-2.345726967583597,-8.15229581579864
1789620374762774300,2.212774169921875,-0.2681073313176632,-11.286209342831372,-5.726515360552072
1789620374772745200,2.2227451171875,2.8184873951792717,-7.202855156815051,-5.1738797244697805
1789620374782717200,2.23271728515625,3.9010751263707872,-6.352761007246374,0.7069084984272718
1789620374792688000,2.242688232421875,0.8430342941850423,-5.968397532767057,3.399388171759248
1789620374802659300,2.252659423828125,-1.9267437228828668,-7.111691953855752,2.9029776962459084
1789620374812630300,2.26263037109375,-3.1427778014898298,-7.234321139180659,1.2331155617892742
1789620374822602200,2.272602294921875,-3.8332396075069903,-5.731392026677727,0.016341478469967842
1789620374832573200,2.2825732421875,-2.8431168095231056,-4.200662176318467,-1.346112410894036
1789620374842544400,2.29254443359375,-0.42177061039693653,-2.772273925536871,-1.3514631242722273
1789620374852516000,2.30251611328125,0.661966217764467,-1.1862903899893165,0.6466524749070406
1789620374862487300,2.3124873046875,-0.6003833295546471,-0.5479913174077868,2.5013912842869757
1789620374872458200,2.322458251953125,-1.8003776891171932,-0.4405836666122079,2.6034452990949153
1789620374882429400,2.332429443359375,-2.426418168628216,-0.09796557645052671,1.2838070536285637
1789620374892401200,2.342401123046875,-1.8587344548873603,-0.4556260451823473,-1.0992670633137225
1789620374902372400,2.352372314453125,0.8169803999960422,-1.0725573355644942,-3.4527608655065296
1789620374912343300,2.36234326171875,1.794003477910161,-0.8273299445748329,-2.7028789022713897
1789620374922315300,2.372315185546875,-0.10722659514024853,-0.048342298364639276,-0.055799044111371036
1789620374932286200,2.3822861328125,-2.1582599839061496,0.7435755565673112,2.45572843426466
1789620374942257200,2.392257080078125,-0.6042793140798807,0.9910738150984049,2.752936772382259
1789620374952228400,2.402228271484375,-0.05517755121216178,1.519078867793083,0.532722144344449
1789620374962200000,2.412199951171875,-0.3639909869275987,3.4547155067056416,-1.0878899292528628
1789620374972171300,2.422171142578125,0.9009259266614913,2.769457699072361,-0.5994155074357986
1789620374982142200,2.43214208984375,0.8790478568524122,2.0824404805511234,-1.0863052904099226
1789620374992114400,2.442114501953125,-0.23398601213768122,2.2914397893398997,-0.2998632365405559
1789620375002085000,2.452085205078125,-0.5340092615455388,1.8593752370089291,0.2501765378296375
1789620375012056300,2.462056396484375,0.9888251593887806,-0.032598785787820814,1.7077683790028095
1789620375022027300,2.47202734375,1.3823784870177507,-1.2548223666846752,3.1044618070989847
1789620375031999200,2.481999267578125,1.0501559725336729,-2.203265831324458,4.7198833263158795
1789620375041970200,2.49197021484375,1.0907741063870489,-3.4549119060605764,6.493567654296755
1789620375051941000,2.501941162109375,0.7877221568077802,-4.1902708384245635,6.70930416238606
1789620375061912300,2.511912353515625,-0.8901071571357547,-3.7901404704928394,4.712425411525368
1789620375071884000,2.521884033203125,-1.525794001392275,-2.5272815123468635,2.908798949745297
1789620375081855200,2.531855224609375,-0.40253289902880784,-1.060845270460844,1.3856442108154297
1789620375091826200,2.541826171875,-0.14971768325865267,0.00800035110414028,0.38342239423692226
1789620375101798400,2.55179833984375,-0.648121378415823,0.34278701698780056,0.8134089712500572
1789620375111769000,2.56176904296875,0.5782049616247416,0.05665536867976188,1.4408762686938046
1789620375121740300,2.571740234375,1.8184620657317339,-0.464753939011693,1.1515350106894968
1789620375131711200,2.581711181640625,1.5485954696565865,-0.8545014446169138,0.639887218555808
1789620375141683500,2.591683349609375,0.9759821905590593,-1.2322463777393102,0.5083113411873579
1789620375151654100,2.601654052734375,0.4088566952228546,-1.1958031914830207,-0.11844693120419979
1789620375161625000,2.611625,-0.1618330684661865,-0.42196342955529687,-1.190879179084301
1789620375171597300,2.621597412109375,-0.4244425330199301,0.24971476553678512,-1.7261802340060473
1789620375181568300,2.631568359375,-0.7300783616125583,0.7751368160009384,-1.1351695668220518
1789620375191539200,2.641539306640625,-1.6013205131500958,1.3965496357113123,0.4592243619352579
1789620375201510100,2.65151025390625,-2.0406284607380627,1.7140367917478083,1.4530717334002257
1789620375211482400,2.661482421875,-1.478302620768547,1.711032933756709,1.9194208326488733
1789620375221453300,2.671453369140625,-0.4086718401752412,2.0148060372173786,2.463310852217674
1789620375231424300,2.68142431640625,0.5558195268154144,2.2060995934456584,1.8289508726507424
1789620375241396200,2.691396240234375,0.6714239280700683,1.7630062821000814,1.22446989851892
1789620375251367400,2.701367431640625,0.43906069482862947,1.0480658683866262,1.4833189876258372
1789620375261338000,2.711338134765625,0.6990390802264214,0.24726503429710864,2.2965064250797034
1789620375271309000,2.72130908203125,1.8460300177454947,-0.98060152092278,3.395851229804754
1789620375281281300,2.73128125,2.7244091815561053,-1.6519208195745945,4.6991187707066535
1789620375291252200,2.741252197265625,2.9447727649241684,-1.9231869071841239,3.925889249631762
1789620375301223200,2.75122314453125,1.6493337256908416,-2.2706319791108367,2.173854443401098
1789620375311195100,2.761195068359375,0.3026747137647122,-2.044805454161763,1.4612737445563078
1789620375321166300,2.771166259765625,-0.096238022005558,-1.6409937673687933,1.0008271473497152
1789620375331137300,2.78113720703125,-0.033113165050745005,-1.4886819759637115,0.02024900730252266
1789620375341109200,2.791109130859375,-0.2289320897489786,-1.4268845682203768,-1.2474667432248592
1789620375351080200,2.801080078125,-1.038133087915182,-0.9701257196158171,-1.702189117565751
1789620375361051400,2.811051513671875,-2.3686655062310398,-0.5958014085918665,-1.2517314149320125
1789620375371022300,2.821022216796875,-2.2839298521012066,-0.6355407137840986,-0.46266485777795313
1789620375380994300,2.830994384765625,-0.9816128168571739,-0.888494315111637,-0.02638064192533493
1789620375390965200,2.84096533203125,0.2789421751953661,-0.6911024420082569,0.25574820048213004
1789620375400936400,2.8509365234375,1.0308142893344163,0.474957353118062,0.8112608533054589
1789620375410908200,2.860908203125,1.2358050931341946,1.9508780471861362,1.5370833110392093
1789620375420879400,2.87087939453125,0.4477203866243362,2.847422397762537,2.053420137771964
1789620375430850300,2.880850341796875,-0.7068342641472816,2.703969620117545,2.7074223909199238
1789620375440821200,2.8908212890625,0.10079670822322367,1.991404703363776,2.827621134227514
1789620375450793200,2.900793212890625,0.9099100281059741,1.0252560706853866,1.9512860434651373
1789620375460764200,2.91076416015625,-0.7812713732331991,0.7007967375487089,1.7288772180050611
1789620375470735400,2.9207353515625,-2.2449247064024207,0.8809539827346802,2.255570019057393
1789620375480707000,2.93070703125,-2.056136995515227,1.0858078622817993,3.1136475685954093
1789620375490678300,2.94067822265625,-0.3626430794499814,1.0988146433711052,3.3710219089746474
1789620375500649200,2.950649169921875,1.1071182882707566,0.5553291129499673,3.4461125135332344
1789620375510621200,2.96062109375,1.9362597392469643,0.19523148019909858,3.4437972223281856
1789620375520592100,2.970592041015625,2.4545506226569413,-0.1094616607159376,2.8911797064244746
1789620375530563300,2.980563232421875,1.8248761705577372,-0.12025310384333134,2.1025123777210712
1789620375540534300,2.9905341796875,0.8618218506328761,-0.019072364738583564,0.751491151997447
1789620375550506200,3.00050634765625,0.3202601278811693,0.37174598496854305,-0.29679858827292915
1789620375560477200,3.010477294921875,0.1909949386078864,0.6152180567234754,-0.7312269471257925
1789620375570448100,3.0204482421875,0.3823568108320236,0.5412251842737198,-0.5858306341975927
1789620375580420400,3.03042041015625,0.6789911484539508,0.395966818511486,-0.21367022320926188
1789620375590391000,3.04039111328125,0.6891068842768668,0.2472194415897131,0.4338987820208072
1789620375600362200,3.0503623046875,0.8078191884189844,-0.02477203768491745,0.6957289327651262
1789620375610333200,3.060333251953125,0.9655921678394078,-0.628566783118248,-0.46978842604756355
1789620375620305400,3.070305419921875,0.5817874597540125,-1.0535896002441645,-1.9088883327186106
1789620375630276000,3.080276123046875,-0.19509177946746348,-0.8562333829760551,-2.2022259668827058
1789620375640247300,3.090247314453125,-0.49649932284057136,-0.4866396076053381,-1.5221996301621197
1789620375650219300,3.10021923828125,-0.31648473752830175,-0.11497194857001304,-0.18651976595520972
1789620375660190500,3.1101904296875,-0.2056091183612123,0.15299100584089756,1.501215878844261
1789620375670161200,3.1201611328125,-0.3591314180672169,-0.4498252499490976,2.251442125472426
1789620375680133400,3.13013330078125,-0.598588372429274,-1.8389800992339849,0.5515817431151867
1789620375690104300,3.140104248046875,-0.35023733299374576,-2.7243799554616213,-1.4392816929787398
1789620375700075300,3.1500751953125,0.420959805470705,-2.2840645843967793,-1.2775053231358526
1789620375710046200,3.160046142578125,0.8024661369532347,-1.1051008840337395,0.6642892538845538
1789620375720018200,3.17001806640625,0.7292822427988052,-0.29977438921332356,2.994218640616536
1789620375729989400,3.1799892578125,-0.04642861023042351,-1.1606748872175812,3.8447687172591682
1789620375739960300,3.189960205078125,-1.057648520246148,-3.2859514699324963,2.4498890605866905
1789620375749932500,3.1999326171875,-1.0411474673002958,-4.3448570045024155,0.6316910526186228
1789620375759903700,3.20990380859375,-0.4158914161652326,-3.3716523158326743,-0.5398030425161123
1789620375769874700,3.219874755859375,-0.2631815653532743,-1.8446239503398536,-0.9829770178824663
1789620375779845600,3.229845703125,-0.20718787545263767,-0.7344441556066275,-0.04764963992536068
1789620375789817600,3.239817626953125,-0.020485154145956037,-0.19596797778010366,0.5369073210746049
1789620375799788800,3.249788818359375,0.2238987717568874,-1.156941838169098,-1.2979308560490608
1789620375809759700,3.259759765625,0.42477790245413777,-2.138617418064177,-3.078165920847654
1789620375819731700,3.269731689453125,0.023498949009180068,-1.297697339554131,-3.646554421856999
1789620375829702700,3.27970263671875,-0.29813420252455397,0.11560673934221267,-4.36389020627439
1789620375839673600,3.289673583984375,0.6528361319780349,0.2299102871313691,-5.310757799899577
1789620375849645600,3.2996455078125,1.6356687729537487,0.7229390112519264,-4.833976153963804
1789620375859616500,3.309616455078125,1.5754443136155605,2.485338559630513,-3.790484753885865
1789620375869587700,3.319587646484375,1.3449310921549795,2.207301370450854,-4.21465300000906
1789620375879559400,3.329559326171875,0.8755705361306667,-0.1248550446808338,-4.948246091744304
1789620375889530600,3.339530517578125,0.5991933891177177,-0.5401733371332288,-4.817580899479985
1789620375899501600,3.34950146484375,1.5582956104159353,-0.03947480903714895,-4.349550130754709
1789620375909472800,3.35947265625,2.679209857392311,-0.039112113204598425,-3.869311037841439
1789620375919444500,3.369444580078125,1.6265291886866091,1.0600213868573307,-2.210686336714029
1789620375929415700,3.379415771484375,0.5814496791670098,1.7692182884827254,-0.22633388994932174
1789620375939386600,3.38938671875,0.11349195741163566,0.4275046970695257,1.3570447237968444
1789620375949358600,3.399358642578125,-2.55065712723732,-1.902339933988452,0.5514566554307937
1789620375959329500,3.40932958984375,-2.141302419364452,-1.5883961496472359,0.2548217332869768
1789620375969300500,3.419300537109375,-0.09610474188155495,-1.2049389763578773,-1.691152175244689
1789620375979272700,3.429272705078125,0.5644283652067185,-0.8369742634937166,-3.2584687119841576
1789620375989243400,3.439243408203125,0.5953174244672059,1.474173558139801,-2.285967495408654
1789620375999214600,3.449214599609375,-0.7356395028710365,2.037483440710604,-2.5428075827807186
1789620376009186600,3.4591865234375,-1.109247774580121,1.2428273929864166,-3.2982845895439383
1789620376019157800,3.46915771484375,-0.24644085843265054,0.5994733751028776,-3.8550171395510433
1789620376029128400,3.47912841796875,-0.42035540983676906,0.9130196845591068,-3.199464149829745
1789620376039099600,3.489099609375,-0.9360866718918085,1.285389938905835,-2.716070976799726
1789620376049071600,3.499071533203125,-0.537248681858182,1.0193737346485257,-3.313548209649324
1789620376059042800,3.509042724609375,-0.10188092326335609,0.9316881446719169,-3.049756403443217
1789620376069013500,3.519013427734375,-1.1348633504170924,0.9209773655653,-1.8630840283989905
1789620376078985700,3.52898583984375,-2.233967843580246,0.3536304825633764,-0.9521183537602425
1789620376088956700,3.538956787109375,-1.8362264166116713,-0.596486760507524,-1.3557961850404738
1789620376098927600,3.548927734375,-1.044614631954208,-1.1804662138804793,-1.538658013010025
1789620376108899600,3.558899658203125,-1.21194410587959,-1.2027256842225789,-1.0365811822980642
1789620376118870800,3.568870849609375,-2.474081837078929,-0.9432140395537019,-0.7133481760859489
1789620376128841700,3.578841796875,-2.9308821867376564,-0.7532938175052404,-1.1536375359266995
1789620376138813700,3.588813720703125,-1.1362860036313533,-0.6837734142944216,-2.249077734428644
1789620376148784600,3.59878466796875,0.7852326780796051,-0.24986761801093815,-2.861680055695772
1789620376158755600,3.608755615234375,0.3190957602769136,0.705018739157915,-1.0954290925860404
1789620376168726800,3.618726806640625,-1.42631451324746,0.996675872889161,1.4598796598494053
1789620376178698500,3.628698486328125,-1.593854415053129,0.3316360928982496,3.1675790652692317
1789620376188669700,3.638669677734375,-1.4556180568821728,-0.8080582578718661,4.138208642753958
1789620376198640600,3.648640625,-1.9393273101240396,-1.9983377174973487,4.17936541352868
1789620376208612600,3.658612548828125,-2.1067951696068046,-2.3798002098381517,3.3299949020594357
1789620376218583600,3.66858349609375,-0.7624024221122264,-1.3765636632591485,1.7800222988307475
1789620376228554800,3.6785546875,0.4172555441252887,0.2208504901021719,0.6317857451647519
1789620376238526500,3.6885263671875,-0.3229249631762504,1.4581728559315204,1.2592489509552716
1789620376248497700,3.69849755859375,-1.0305734663158654,1.5664058516353367,2.5702497164577243
1789620376258468600,3.708468505859375,0.150991794847697,0.14414075990915298,2.4026824882537126
1789620376268440800,3.71844091796875,1.173154137301445,-1.5289683936446905,2.4438000960618256
1789620376278411500,3.72841162109375,1.4566548525840044,-2.3886451950728893,2.516366150578856
1789620376288382500,3.738382568359375,1.558929670535773,-2.411522212791443,1.3544225585997103
1789620376298353700,3.748353759765625,1.1816187449164688,-1.9878625007122754,-0.0857072756409645
1789620376308325600,3.75832568359375,0.03046761897802353,-1.6944558929651974,-0.5042559283167124
1789620376318296600,3.768296630859375,-0.9535434181272983,-0.9574123685151338,0.04611293187737465
1789620376328267500,3.778267578125,0.0380108739644289,0.19401859727799892,0.4326455670893192
1789620376338239700,3.78823974609375,1.2584376345723867,0.9938099620640277,1.175462998765707
1789620376348210700,3.798210693359375,0.57546165426597,0.949015711569786,3.22748554469943
1789620376358181600,3.808181640625,-0.5497365536399186,-0.28086569060385225,3.90334599391222
1789620376368153600,3.818153564453125,-0.4912735510163009,-0.48739890154004095,3.0213123992472886
1789620376378124800,3.828124755859375,0.6436234824746847,0.17161211968064308,0.9044237056493759
1789620376388095700,3.838095703125,1.1411427229475228,0.563860209929943,-0.3237707663506269
1789620376398067700,3.848067626953125,0.7934484985653311,0.6553361321002245,-0.0644365240752697
1789620376408038700,3.85803857421875,0.2639541571609676,0.04293722445070743,1.4761305374264717
1789620376418009600,3.868009521484375,0.23285993071720001,-1.532751419314742,3.522964867067337
1789620376427981600,3.877981689453125,1.0806791210912168,-2.303830484357476,4.116754935836791
1789620376437952500,3.887952392578125,1.1932084257494657,-1.3673428304493427,2.3068904564499855
1789620376447923700,3.897923828125,0.238277864112705,-0.03270166164040565,0.8975234247416257
1789620376457895400,3.9078955078125,-0.9034056146480143,1.1712491804629563,0.45354806986451146
1789620376467866600,3.91786669921875,-1.2660948713272808,1.7964280747085808,0.16810674190819264
1789620376477837600,3.927837646484375,-0.7776644347824155,1.4826847813755273,0.34335049608945845
1789620376487808800,3.937808837890625,-0.33956454780995843,0.6609136399716139,1.4000111743420363
1789620376497780500,3.947780517578125,-0.12393909887969493,-0.49501346819698805,3.07185074635148
1789620376507751700,3.957751708984375,0.9278555077064782,-2.0022043297976255,4.444387638312578
1789620376517722600,3.96772265625,2.1672926006674764,-3.655152154332399,5.948719018828869
1789620376527694600,3.977694580078125,3.853527777776122,-3.4419495486348866,5.648942876049876
1789620376537665500,3.98766552734375,4.811095044592022,-2.3595202228754757,1.389153680241108
1789620376547636500,3.997636474609375,1.885097707286477,-1.1294155333399771,-0.6332943961620331
1789620376557608700,4.007608642578125,-0.5285493156392127,-0.03461480178534984,-0.7817606180548667
1789620376567579400,4.017579345703125,-0.5686971285670995,-0.1402834999591112,-0.8083522723823785
1789620376577550600,4.027550537109375,0.1437730956405401,-0.5245318236261606,0.17679858240783214
1789620376587522600,4.0375224609375,0.3052893532425165,-0.46061026333570476,0.8262415648162365
1789620376597493800,4.04749365234375,0.298600011671707,0.01788870791196823,0.3425304118782282
1789620376607464400,4.05746435546875,0.0897246945887804,1.0066711972028017,-0.43758477705717086
1789620376617436700,4.067436767578125,-0.5368150396812706,1.8362100499987601,-0.7514987507820129
1789620376627407600,4.07740771484375,-1.4512819273740052,2.3586966315329074,-0.07043664127290249
1789620376637378800,4.08737890625,-0.4988847566723823,2.26277366682589,-0.5327858572304248
1789620376647350500,4.0973505859375,1.3669886101841926,1.7036930923879146,-1.0744213758707046
1789620376657321700,4.10732177734375,1.672775976076722,1.0978823309570551,-0.07241933952271938
1789620376667292700,4.117292724609375,0.5343826979678123,0.8454489541113376,3.222211988210678
1789620376677263600,4.127263671875,-0.0589507861405611,0.440581620785594,5.519642542397976
1789620376687235600,4.137235595703125,0.7120926230669021,-0.5566413645923137,5.051327696034312
1789620376697206800,4.147206787109375,0.08831011508312075,-1.189312075898051,3.6970898463517425
1789620376707177700,4.157177734375,0.2069627614598721,-1.0080120904177428,0.7602198173761368
1789620376717149700,4.167149658203125,-0.6245757407207042,0.5458008216261864,0.167139942702651
1789620376727120600,4.17712060546875,-1.1683008520513771,1.8752274706572294,1.732618742620945
1789620376737091600,4.187091552734375,0.28031269636359063,2.001640266174078,3.3957653050869703
1789620376747063600,4.1970634765625,1.8693799136728046,1.0819114393651486,3.124808429557085
1789620376757034800,4.20703466796875,1.6919284203141927,0.154735803681612,1.611281350672245
1789620376767005700,4.217005615234375,1.291719726449251,-0.12184884860217571,0.38542262814342976
1789620376776977700,4.226977783203125,0.951988589900732,0.2762175725370645,-0.16519173124432562
1789620376786948600,4.236948486328125,0.6735515877485275,0.6981961996614933,-0.37503976581692694
1789620376796919800,4.246919921875,0.7335241181522607,0.7060486667275429,-0.3964747680336237
1789620376806891800,4.256891845703125,1.0419628753364085,0.301058583804965,-0.9494991111725568
1789620376816862700,4.26686279296875,1.6439081935107707,0.019190438160300253,-1.9400883576244115
1789620376826833700,4.276833740234375,2.0205355207800864,0.1902116062104702,-2.15232825576961
1789620376836806000,4.286805908203125,1.7393594490528106,0.31462299877703187,-1.6607324870616196
1789620376846776800,4.29677685546875,1.036529159849882,0.16634499293267727,-0.4643383439481258
1789620376856747800,4.306747802734375,0.9381599710345268,-0.34871874512434003,1.3722978225082159
1789620376866719700,4.3167197265625,1.320731885921955,-1.8595418257474898,3.4129794747382403
1789620376876691000,4.32669091796875,1.3415093010127543,-3.7918712398082017,4.755207153153419
1789620376886662000,4.336661865234375,0.7184007833003997,-4.878711952269077,5.179686364921928
1789620376896633900,4.3466337890625,0.31932080120444295,-3.9103246007531878,4.899408703339099
1789620376906604800,4.356604736328125,0.47176527907848353,-2.5726553162947297,2.734386385691166
1789620376916576000,4.366575927734375,0.10253682988882064,-2.2234131318181753,0.5753560019344091
1789620376926547700,4.376547607421875,0.18026658731196074,-1.7662828195527196,0.1341226392418146
1789620376936519000,4.386518798828125,0.48689383809473363,-1.1899807689398527,0.7086942128002643
1789620376946489900,4.39648974609375,0.4581529333114624,-0.7433379484191537,0.900533127951622
1789620376956461800,4.4064619140625,0.8924853575091809,-1.244710722514987,0.15642565646469592
1789620376966432800,4.416432861328125,1.9957424403071402,-2.075041017949581,-0.8688695771872996
1789620376976403700,4.42640380859375,2.0053706848740576,-2.043371914227307,-1.489434840157628
1789620376986375000,4.436375,1.2969079427421093,-1.1581707954421638,-1.0296557669490576
1789620376996346600,4.4463466796875,1.2221827374298124,-0.13805559477657078,-1.3741355593293905
1789620377006317800,4.45631787109375,1.0358663850922136,-0.28609482342898845,-2.869625461742282
1789620377016288800,4.466288818359375,1.1940857200406492,-0.5328834723860025,-3.8646284329831597
1789620377026260700,4.4762607421875,0.7860472823981195,-0.9823229378879069,-5.647613088750839
1789620377036231700,4.486231689453125,0.7265173081301153,-1.4036848944187164,-6.9417375382542605
1789620377046203000,4.496202880859375,1.1904946367461233,-0.43699557899236674,-6.163367731681466
1789620377056174800,4.5061748046875,1.993739868313074,1.9913895057946442,-4.363896636015176
1789620377066145800,4.516145751953125,2.7141607592642307,2.630904091645777,-3.522655070465803
1789620377076116700,4.52611669921875,3.018019787442684,1.1643053526744245,-3.020072628319263
1789620377086089000,4.5360888671875,2.744089741320908,-0.24856267289221284,-1.990731334146857
1789620377096060000,4.546059814453125,1.6326200529076158,-0.4470952404633164,-1.1029127263396978
1789620377106030600,4.556030517578125,1.1528757577739654,-0.5288046786397695,-1.4665876330554484
1789620377116002800,4.5660029296875,1.3696294800817965,-1.052801664736867,-2.554175949013233
1789620377125973800,4.575973876953125,1.0282805330730973,-0.3417252329751849,-2.0962749446362254
1789620377135945000,4.585945068359375,0.44278687574490905,-0.4550529214695096,-2.050339122891426
1789620377145916700,4.595916748046875,0.1671042138021439,-1.0348103732332588,-2.1072283003270624
1789620377155887900,4.605887939453125,0.13988193342089653,-0.13273849140703678,-1.0113374354481697
1789620377165858800,4.61585888671875,-0.6349883405983447,0.054962301026284695,-1.8924679437935352
1789620377175830800,4.625830810546875,0.14900390896610916,-0.3971472604677081,-4.637366955670714
1789620377185801700,4.6358017578125,1.2787258048415184,0.45178602862805123,-4.580954748097062
1789620377195773000,4.64577294921875,1.062693528676033,1.2649763886913656,-3.514385839292407
1789620377205744600,4.65574462890625,0.7254161419551819,0.7258987378403544,-3.7045758181929584
1789620377215715800,4.6657158203125,0.5415408626267686,0.47611412193775177,-2.518440618765354
1789620377225686800,4.675686767578125,-0.07430321704056113,0.6508911353901028,-1.012989294308424
1789620377235659000,4.685658935546875,-0.5983025777578354,-0.05794540849030017,-1.4023387405067682
1789620377245629700,4.695629638671875,-0.9652268416583537,-0.8168649569228291,-2.0780413688093424
1789620377255600600,4.7056005859375,-0.3599859890699386,-1.4601158066928386,-3.191045281052589
1789620377265572900,4.71557275390625,0.8366986614227294,-1.8835303118392823,-3.1194208912998436
1789620377275543800,4.725543701171875,0.8769272114366292,-1.1977017185807228,-0.8018973971545695
1789620377285514800,4.7355146484375,-1.5586925007790327,-0.3890463715985417,1.366032916894555
1789620377295486700,4.74548681640625,-2.927961915376782,-0.26654373526275155,1.4541279644548892
1789620377305458000,4.7554580078125,-1.7793442534387112,-0.8049483091577887,-0.4027390891253948
1789620377315428600,4.7654287109375,-0.6603578327197581,-1.042446859461069,-1.4205647175490856
1789620377325400800,4.77540087890625,-0.042771768223308027,-0.648615591673553,-1.6107172870486974
1789620377335371800,4.785371826171875,0.4978923115689307,0.19025427630841732,-1.4540356099963188
1789620377345343000,4.795343017578125,-0.29628537805378435,1.1090788477540015,-0.8960428307950496
1789620377355314700,4.805314697265625,-1.8480466182649133,1.296177290380001,-1.1221534333825112
1789620377365286000,4.815285888671875,-1.6957541160821914,0.5385124181836843,-1.8646663291543721
1789620377375256800,4.8252568359375,0.082059785984084,-0.47697570720314975,-2.2995120366364716
1789620377385228800,4.835228759765625,0.7657278402078896,-0.6361871949940919,-0.28062194497585297
1789620377395199700,4.84519970703125,-0.17998305766284464,-0.4465560190200805,1.8373001833230256
1789620377405170700,4.855170654296875,-1.3980477653145789,-0.8858563678234815,1.42242115907073
1789620377415142700,4.865142578125,-0.904821253599599,-1.342619892603159,-0.10956102943718432
1789620377425113600,4.875113525390625,-0.19712781533971427,-1.1235557013958692,-0.8565010940015315
1789620377435084800,4.885084716796875,-0.05777180548906326,-0.43462183559834955,-0.23515607883036135
1789620377445056800,4.895056884765625,-0.25556290704309936,0.3354933528482914,1.7858792081654071
1789620377455027700,4.90502783203125,-0.5175302743010223,0.3560316984862089,3.3148043471902606
1789620377464998700,4.91499853515625,-0.49628991787359117,-0.7384037068873643,3.210912011039257
1789620377474969900,4.924969970703125,-0.043758477705717086,-1.4021177912324667,2.5075293486505745
1789620377484941800,4.93494189453125,1.212587079958245,-1.4509294606745242,1.7850328204691408
1789620377494912800,4.944912841796875,1.1191728101365268,-1.7284569467663764,2.2767139293730256
1789620377504883700,4.9548837890625,-0.26000585792660713,-2.337895251044631,4.701470302268863
1789620377514856000,4.96485595703125,-0.2643728209644556,-3.2447154964417217,5.721552185186743
1789620377524827000,4.974826904296875,0.5393110212154686,-3.1618390603125093,4.775594692143797
1789620377534797800,4.9847978515625,1.243335927030444,-1.9558266095042227,2.6442098556816576
1789620377544769800,4.994769775390625,1.1384124942660332,-1.4017752614051102,0.4085457295775413
1789620377554741000,5.004740966796875,0.38781909482590854,-1.617625751262903,0.05356909310221672
1789620377564712000,5.0147119140625,0.1830651685219258,-1.8256646905869245,0.6818845318078994
1789620377574684000,5.024683837890625,0.17330423748604953,-2.0022399856328965,1.7416472677290438
1789620377584654800,5.03465478515625,0.05691898805201053,-1.5397756188631058,2.851058708438277
1789620377594625800,5.044625732421875,0.48573535224199293,-0.6042436582446098,2.228743386930227
1789620377604597800,5.05459765625,0.790362953640148,-0.24457155742943285,1.0216653527170418
1789620377614568700,5.064568603515625,0.3920639658540487,-0.46314767285883424,0.8525964877784251
1789620377624540000,5.074539794921875,0.10404781897366046,-0.5420160423904657,1.0876280634462834
1789620377634511600,5.08451171875,0.19567739733569323,-0.3157154701888561,1.0247989745676518
1789620377644482800,5.09448291015625,-0.061471244528889656,0.8357681025743484,1.6887690795004366
1789620377654453800,5.104453857421875,0.30314364645071323,2.5512948406189677,0.8815279832303523
1789620377664425700,5.11442578125,0.616613237408921,3.396032431590557,-0.9409346964448689
1789620377674396700,5.124396728515625,-0.5244372041452676,3.562911093008518,-0.5518669897973537
1789620422206066200,49.656066162109376,-2.158857949799299,1.8494091387897729,0.6266723476737738
1789620422216037000,49.666037109375,-1.8329881653428077,1.3583236576914786,0.6300766031593084
1789620422226008000,49.676008056640626,-1.3200164311289786,0.945835912489891,0.9228725316621362
1789620422235979000,49.68597900390625,-0.9437170206397771,0.5474117639541626,1.1698242622263728
1789620422245950200,49.6959501953125,-0.558828645503521,0.12611235126554965,1.237975130649656
1789620422255921200,49.70592114257813,-0.411500487729907,-0.15705518653988837,1.2557590630128979
1789620422265892000,49.71589208984375,-0.631198300665617,-0.24593583151996135,1.2094523621290922
1789620422275863300,49.72586328125,-0.9802414554387331,-0.12868307853639124,1.1142135802939535
1789620422285834000,49.735833984375,-0.9657494042277336,0.11087678821086883,0.9931303092367947
1789620422295805200,49.74580517578125,-0.4913561147332191,0.09856734173595905,0.9641422612920403
1789620422305776000,49.75577612304688,0.11601999631822109,-0.17697627706229685,1.03989016071558
1789620422315747000,49.7657470703125,0.49474867978096004,-0.4211994594454765,1.0990091430298983
1789620422325718300,49.77571826171875,0.48784664530754085,-0.524212090152502,1.0293851333141326
1789620422335689000,49.78568896484375,0.22736323299705982,-0.5481359865754842,0.7882682463832199
1789620422345660200,49.79566015625,-0.025414427241683003,-0.5132809462934732,0.44583428061679004
1789620422355631000,49.80563110351562,-0.0122258598446846,-0.532878796210885,0.11106529652029275
1789620422365602000,49.81560205078125,0.18773790957331657,-0.6272697290450334,-0.038063042543083424
1789620422375573200,49.8255732421875,0.34483635073304175,-0.689502021074295,-0.04004939405471086
1789620422385544000,49.8355439453125,0.5602046100318432,-0.636541415259242,0.010260989512503146
1789620422395515100,49.84551513671875,0.7798001316368579,-0.5609183112591505,0.17247268203273414
1789620422405486000,49.855486083984374,0.876556624558568,-0.49557753182053565,0.3629949616275728
1789620422415457000,49.86545703125,1.0023077412962913,-0.4742348840624094,0.5955909807115793
1789620422425428200,49.87542822265625,1.2094184598594904,-0.4430874661266804,0.8833622129201889
1789620422435399200,49.885399169921875,1.392747320818901,-0.42426644580066203,1.111185756905377
1789620422445370000,49.8953701171875,1.4950328062951563,-0.3916752587974071,1.2998387354969978
1789620422455341000,49.905341064453125,1.5422545761972666,-0.2961865938544273,1.515719912753999
1789620422465312300,49.91531225585938,1.659483948305249,-0.20322657060623167,1.7389416620321572
1789620422475283200,49.925283203125,1.5553694938361644,-0.15005787499845027,1.987797911043465
1789620422485254100,49.93525415039063,1.099031500992179,-0.11267302397787571,2.165799731761217
1789620422495225000,49.94522509765625,0.4293663992881775,-0.08791559934020042,2.127490020980686
1789620422505196000,49.95519604492188,-0.2808113300681114,-0.08355974221825599,1.8896121159709989
1789620422515167200,49.96516723632813,-0.8501075935721397,-0.10036240845918655,1.623772875715792
1789620422525138200,49.97513818359375,-1.1467992143392562,-0.15597674365341663,1.5047957831576466
1789620422535109000,49.98510913085938,-1.1451859339237211,-0.18722177674472332,1.6885273796990512
1789620422545080000,49.995080078125,-0.9402151499986648,-0.268698867470026,2.036788151922822
1789620422555051000,50.00505102539063,-0.6873878053992987,-0.28036475534439087,2.327538692203164
1789620422565022200,50.01502221679687,-0.5307762709736824,-0.22257833680808542,2.4541513942062854
1789620422574993200,50.0249931640625,-0.4640957673639059,-0.13114976091086863,2.4073078099668024
1789620422584964000,50.03496411132812,-0.4358744660079479,-0.03520224628448486,2.223779334782064
1789620422594935300,50.04493530273437,-0.5390998626828193,0.05129062677621841,2.0769538658335804
1789620422604906000,50.05490600585937,-0.6711842740952968,0.19213819035887716,2.0087863385364413
1789620422614877200,50.06487719726562,-0.7297346627414226,0.2687251709550619,1.979746998795867
1789620422624848100,50.07484814453125,-0.7439817992806435,0.26843057192265984,1.9104412612490356
1789620422634819000,50.084819091796874,-0.789367585927248,0.27637831605672836,1.7837617776200174
1789620422644790300,50.094790283203125,-0.7678840683937073,0.304883695051074,1.5715069741666317
1789620422654761000,50.104760986328124,-0.6194879891276359,0.32515491418540476,1.332994278384745
1789620422664732200,50.114732177734375,-0.28620822067558765,0.35898294950723647,1.189173763405904
1789620422674703000,50.124703125,0.1596241602450609,0.41066403690576553,1.2107729432083665
1789620422684674000,50.134674072265625,0.470927074688673,0.48367841971218584,1.322225631611049
1789620422694645200,50.144645263671876,0.6532476353883743,0.5732265886902809,1.3837956603392958
1789620422704616200,50.1546162109375,0.8150053005307912,0.707726829072833,1.3365905493110417
1789620422714587100,50.164587158203126,1.0390408504098654,0.790749395674467,1.1840695721346883
1789620422724558000,50.17455810546875,1.2076502811431884,0.7484452084302902,1.0406140910759567
1789620422734529000,50.184529052734376,1.2067261520355939,0.5694593451112508,0.869367735967785
1789620422744500200,50.19450024414063,0.9872206468015908,0.3094558252722025,0.6615791912082583
1789620422754471200,50.20447119140625,0.7038426811158657,0.08225333579480648,0.40739948215186594
1789620422764442000,50.21444213867188,0.5112520708143711,-0.050727147674560547,0.09044950173199176
1789620422774413000,50.2244130859375,0.36984453526139255,-0.07611410238742827,-0.24637217711061238
1789620422784384000,50.23438403320313,0.23595628929734228,-0.08334346911907195,-0.3727498282488435
1789620422794355200,50.24435522460937,0.12304594943225383,-0.1412806943029165,-0.2017902541927993
1789620422804327000,50.254326904296875,0.023487258571386335,-0.28890929632782936,0.11440284344516694
1789620422814297900,50.2642978515625,-0.07546411404609679,-0.39625381875932214,0.43891938666179775
1789620422824268800,50.274268798828125,-0.09219780670404433,-0.389148370668292,0.6347258902698755
1789620422834240000,50.284239990234376,0.12669278150200844,-0.33132395820915694,0.7334121822103857
1789620422844211000,50.2942109375,0.5446148267120122,-0.3804302266836166,0.7927444419492036
1789620422854182000,50.304181884765626,0.9792302325695752,-0.5545154584795237,0.8213133876990526
1789620422864152800,50.31415283203125,1.2426304091095923,-0.6854594676852226,0.9088201139774172
1789620422874123800,50.324123779296876,1.240450726982951,-0.6952671604722738,0.9990670788746326
1789620422884095000,50.33409497070313,0.9752665896356105,-0.5190817415267229,1.089346923128143
1789620422894066000,50.34406591796875,0.582221211528778,-0.2669967397272587,1.1044330677747727
1789620422904037000,50.354037109375,0.20813889256715773,0.013301380121707916,1.0440073867760598
1789620422914007800,50.3640078125,-0.050830023527145385,0.29417583855390544,0.9443189320556818
1789620422923978800,50.37397875976563,-0.07166998246014118,0.45325288631021976,0.8620740718282759
1789620422933950000,50.38394995117188,0.0009814122527837753,0.4953133279263973,0.8966833206556737
1789620422943921000,50.3939208984375,0.13047697621583937,0.4381465025931596,1.0401866594441234
1789620422953892000,50.40389208984375,0.4903022217661142,0.3540232812732458,1.2112301123913376
1789620422963862800,50.41386279296875,0.941729061692953,0.1807692396044731,1.3745999619707465
1789620422973833700,50.42383374023437,1.2902490693747997,-0.018538111731410026,1.5258489464499057
1789620422983805000,50.43380493164062,1.4370996727645395,-0.057014265120029446,1.5804047125019132
1789620422993775900,50.44377587890625,1.2782932586431504,0.016388824743032455,1.5269582228660583
1789620423003747000,50.4537470703125,0.9650205054312944,0.1106166759699583,1.4035900557421146
1789620423013718000,50.463718017578124,0.6517471676975488,0.17712649918794632,1.2402747858941554
1789620423023689000,50.47368896484375,0.31792145580053327,0.23653613501191137,1.0997897720135748
1789620423033660000,50.483659912109374,-0.026636077991127965,0.21621289342939853,0.9634564709849655
1789620423043630800,50.493630859375,-0.27399112865924835,0.11971125205159186,0.9116421125955879
1789620423053602800,50.50360278320313,-0.5495633890300989,-0.002691138780117035,0.7160829348120838
1789620423063573800,50.51357373046875,-0.7630921579420566,-0.0048655602097511285,0.5389975713521242
1789620423073545000,50.523544921875,-0.7738216417491436,0.07021686104238033,0.5454026891540735
1789620423083516000,50.53351586914062,-0.7684510546267033,0.06069266137182712,0.6091407095711678
1789620423093487000,50.54348706054687,-0.6982359471499919,0.012853636354207991,0.6695411830633878
1789620423103458000,50.5534580078125,-0.5588473502039909,-0.06226093360185623,0.7889713531512766
1789620423113428700,50.5634287109375,-0.5540437493145466,-0.02886076830327511,0.959110989126563
1789620423123400000,50.57339990234375,-0.627990444535017,0.0773725780159235,1.069662783166766
1789620423133371000,50.58337084960937,-0.6053875675827265,0.06791969001591205,1.0853598993185907
1789620423143342000,50.593342041015624,-0.48323301403224467,-0.050936406511068344,1.0032913455061614
1789620423153313000,50.60331298828125,-0.3499836504936218,-0.12122516374588012,0.9455185171037912
1789620423163283700,50.61328369140625,-0.23948621698915956,-0.17397008098363875,0.8306900686576962
1789620423173255000,50.6232548828125,-0.1998790137439966,-0.18012217387259005,0.6446577939584851
1789620423183225900,50.633225830078125,-0.35055998907685276,-0.10340016871988773,0.4836877720624208
1789620423193197000,50.643197021484376,-0.5120353301465511,0.05742459948658943,0.27186792596019804
1789620423203168000,50.65316796875,-0.5446989978641271,0.23598960704505442,0.015254194689914582
1789620423213139000,50.663138916015626,-0.5113093539595603,0.49567222436666486,-0.0836603530485183
1789620423223110000,50.67310986328125,-0.5714186624854802,0.7018921315699815,0.05076236511841416
1789620423233080800,50.683080810546876,-0.6305073957920074,0.7256377488166094,0.22274653298184274
1789620423243052000,50.69305200195313,-0.4905810387074947,0.8051169437229633,0.29676738941706715
1789620423253023000,50.70302294921875,-0.27614275373518465,0.9728910926759242,0.3938555254459381
1789620423262994000,50.71299389648438,-0.09707271926403045,1.163674361294508,0.7126588055822998
1789620423272964900,50.72296484375,0.1270861647337675,1.2242828515142201,1.0653191279392689
1789620423282935800,50.73293579101563,0.43014498244524,1.1328723957955837,1.2077375210352241
1789620423292907000,50.74290698242187,0.7977233263403177,0.9659060560941696,1.2049863226309419
1789620423302878000,50.7528779296875,1.2530512653589247,0.7534305956274271,1.1895437657620758
1789620423312849000,50.76284887695312,1.6057798306465147,0.3980079689502716,1.123028535716608
1789620423322819800,50.77281982421875,1.746196017074585,-0.0037479543566703794,0.9431800642188638
1789620423332790800,50.78279077148437,1.6057529426395891,-0.28081425267755983,0.6922591377627104
1789620423342762000,50.79276196289062,1.3274299222558736,-0.42785073402822016,0.4715828351836651
1789620423352733000,50.80273291015625,1.0123615177989005,-0.5045779998779296,0.2846276004206389
1789620423362704000,50.81270385742187,0.6161065299957991,-0.5602186385571957,0.14047354263849557
1789620423372674800,50.8226748046875,0.019351766201853752,-0.5464531480550766,0.20423881638869643
1789620423382645800,50.83264575195312,-0.6600175679147243,-0.3512427106440067,0.3949205973941833
1789620423392617000,50.842616943359374,-1.0882453185617924,0.06434826126992702,0.5939869795810431
1789620423402588000,50.852587890625,-1.192591243699193,0.44253217033147807,0.8376523088857531
1789620423412559000,50.86255908203125,-1.117711067020893,0.595192336782813,1.2232779853206128
1789620423422530000,50.872530029296875,-1.2386726113945246,0.588597760823369,1.5498749880731104
1789620423432500700,50.882500732421875,-1.6209218701988457,0.6176449916094541,1.7780971759870647
1789620423442472000,50.892471923828126,-1.9824708708018064,0.6718301707834005,1.9022639461427926
1789620423452443000,50.90244287109375,-2.0332395195305346,0.5844342114031315,1.8827350698083638
1789620423462414000,50.9124140625,-1.7194874583691357,0.27083997115194797,1.7186781878128647
1789620423472385000,50.92238500976563,-1.295194709083438,-0.14713585007190705,1.596243648277223
1789620423482355700,50.932355712890626,-0.9293243381500244,-0.5063362417221069,1.598472137981653
1789620423492327000,50.94232690429688,-0.6888917802214622,-0.7021738711208104,1.6103810408316552
1789620423502297900,50.9522978515625,-0.5984335106611252,-0.7134492983728646,1.603368385590613
1789620423512269000,50.96226904296875,-0.4985644386768341,-0.7162298690021037,1.4942697129681706
1789620423522240000,50.97223999023438,-0.25855390555262564,-0.7791396219015121,1.1148139573398976
1789620423532211000,50.9822109375,0.0469166494756937,-0.9275929843127727,0.594052811358869
1789620423542182000,50.99218188476563,0.24734160666465757,-1.0516413887858391,0.24670360102206468
1789620423552152800,51.00215283203125,0.32001404416561124,-1.053569726499915,0.07972717831805348
1789620423562124000,51.0121240234375,0.5210393053352832,-0.9571534253180026,0.056484322961792344
1789620423572095000,51.02209497070312,1.0951491066008805,-0.8951923514455556,0.07150828909240663
1789620423582066000,51.03206591796875,1.8382418480873106,-0.9479407758146524,0.1934574562638998
1789620423592036900,51.04203686523437,2.4170564660429954,-0.9631646484315395,0.43327305133789773
1789620423602007800,51.0520078125,2.684618438437581,-0.8623837222993374,0.6446699958529323
1789620423611979000,51.06197900390625,2.661504689353704,-0.710904874587059,0.6884887523785234
1789620423621950000,51.071949951171874,2.5775346127688885,-0.602320581227541,0.6943857745278627
1789620423631921000,51.0819208984375,2.3735025709986686,-0.5864379524409771,0.74495100963898
1789620423641891800,51.091891845703124,2.061823808979988,-0.575214547637105,0.8543941117849201
1789620423651862800,51.10186279296875,1.926435679847002,-0.44217561197876926,1.1398123511265963
1789620423661834000,51.111833984375,1.1668348711520433,-0.30884558441936966,1.245682197895646
1789620423671805000,51.121804931640625,0.8432797933787107,-0.2845996164351702,1.0993247848503291
1789620423681775900,51.13177587890625,0.6582803688585758,-0.31880759098529815,1.15849038278535
1789620423691747000,51.1417470703125,0.47262978695333,-0.33841362420916554,1.195855944583565
1789620423701717800,51.1517177734375,0.34211890846788884,-0.3456435754626989,1.2828992911338806
1789620423711689000,51.16168896484375,0.43632454786300656,-0.35053953081071376,1.4274641216740012
1789620423721661000,51.17166088867187,0.7123609186142683,-0.27769290578663347,1.6134050648279488
1789620423731631900,51.1816318359375,0.9494774838626384,-0.11503566145598888,1.8329031174078583
1789620423741602800,51.19160278320312,1.2531436198174952,-0.15155717364549637,2.139592108315229
